-- MySQL dump 10.13  Distrib 5.5.54, for debian-linux-gnu (x86_64)
--
-- Host: localhost    Database: geo
-- ------------------------------------------------------
-- Server version	5.5.54-0ubuntu0.14.04.1

/*!40101 SET @OLD_CHARACTER_SET_CLIENT=@@CHARACTER_SET_CLIENT */;
/*!40101 SET @OLD_CHARACTER_SET_RESULTS=@@CHARACTER_SET_RESULTS */;
/*!40101 SET @OLD_COLLATION_CONNECTION=@@COLLATION_CONNECTION */;
/*!40101 SET NAMES utf8 */;
/*!40103 SET @OLD_TIME_ZONE=@@TIME_ZONE */;
/*!40103 SET TIME_ZONE='+00:00' */;
/*!40014 SET @OLD_UNIQUE_CHECKS=@@UNIQUE_CHECKS, UNIQUE_CHECKS=0 */;
/*!40014 SET @OLD_FOREIGN_KEY_CHECKS=@@FOREIGN_KEY_CHECKS, FOREIGN_KEY_CHECKS=0 */;
/*!40101 SET @OLD_SQL_MODE=@@SQL_MODE, SQL_MODE='NO_AUTO_VALUE_ON_ZERO' */;
/*!40111 SET @OLD_SQL_NOTES=@@SQL_NOTES, SQL_NOTES=0 */;

--
-- Table structure for table `city`
--

DROP TABLE IF EXISTS `city`;
/*!40101 SET @saved_cs_client     = @@character_set_client */;
/*!40101 SET character_set_client = utf8 */;
CREATE TABLE `city` (
  `id` int(11) NOT NULL AUTO_INCREMENT,
  `name` varchar(25) DEFAULT NULL,
  `county_id` int(11) NOT NULL,
  PRIMARY KEY (`id`),
  KEY `fk_city_county1_idx` (`county_id`),
  CONSTRAINT `fk_city_county1` FOREIGN KEY (`county_id`) REFERENCES `county` (`id`)
) ENGINE=InnoDB AUTO_INCREMENT=1301 DEFAULT CHARSET=utf8;
/*!40101 SET character_set_client = @saved_cs_client */;

--
-- Dumping data for table `city`
--

LOCK TABLES `city` WRITE;
/*!40000 ALTER TABLE `city` DISABLE KEYS */;
INSERT INTO `city` VALUES (1,'ALDEN',1),(2,'ANTIOCH',2),(3,'ARLINGTON HEIGHTS',3),(4,'ELK GROVE VILLAGE',3),(5,'ROLLING MEADOWS',3),(6,'BARRINGTON',2),(7,'CRYSTAL LAKE',1),(8,'CARY',1),(9,'DEERFIELD',2),(10,'DES PLAINES',3),(11,'FOX LAKE',2),(12,'FOX RIVER GROVE',1),(13,'GLENCOE',3),(14,'GLENVIEW',3),(15,'GLENVIEW NAS',3),(16,'GOLF',3),(17,'GRAYSLAKE',2),(18,'GURNEE',2),(19,'HARVARD',1),(20,'HEBRON',1),(21,'HIGHLAND PARK',2),(22,'FORT SHERIDAN',2),(23,'PALATINE',3),(24,'HIGHWOOD',2),(25,'INGLESIDE',2),(26,'ISLAND LAKE',2),(27,'KENILWORTH',3),(28,'LAKE BLUFF',2),(29,'LAKE FOREST',2),(30,'LAKE VILLA',2),(31,'LAKE ZURICH',2),(32,'LIBERTYVILLE',2),(33,'LONG GROVE',2),(34,'MCHENRY',1),(35,'MORTON GROVE',3),(36,'MOUNT PROSPECT',3),(37,'MUNDELEIN',2),(38,'VERNON HILLS',2),(39,'NORTHBROOK',3),(40,'NORTH CHICAGO',2),(41,'PARK RIDGE',3),(42,'LINCOLNSHIRE',2),(43,'PROSPECT HEIGHTS',3),(44,'RICHMOND',1),(45,'RINGWOOD',1),(46,'ROUND LAKE',2),(47,'RUSSELL',2),(48,'SKOKIE',3),(49,'WAUKEGAN',2),(50,'SOLON MILLS',1),(51,'SPRING GROVE',1),(52,'TECHNY',3),(53,'WADSWORTH',2),(54,'WAUCONDA',2),(55,'GREAT LAKES',2),(56,'BUFFALO GROVE',2),(57,'WHEELING',3),(58,'WILMETTE',3),(59,'WINNETKA',3),(60,'WINTHROP HARBOR',2),(61,'WONDER LAKE',1),(62,'WOODSTOCK',1),(63,'ZION',2),(64,'ADDISON',4),(65,'ALGONQUIN',1),(66,'BARTLETT',3),(67,'BELLWOOD',3),(68,'BENSENVILLE',4),(69,'STREAMWOOD',3),(70,'BLOOMINGDALE',4),(71,'BURLINGTON',5),(72,'CARPENTERSVILLE',5),(73,'CLARE',6),(74,'CORTLAND',6),(75,'CRESTON',7),(76,'DEKALB',6),(77,'CAROL STREAM',4),(78,'DUNDEE',5),(79,'ELBURN',5),(80,'ELGIN',5),(81,'ELMHURST',4),(82,'ESMOND',6),(83,'FOREST PARK',3),(84,'FRANKLIN PARK',3),(85,'HANOVER PARK',3),(86,'GENEVA',5),(87,'GENOA',6),(88,'GILBERTS',5),(89,'GLEN ELLYN',4),(90,'GLENDALE HEIGHTS',4),(91,'HAMPSHIRE',5),(92,'HINES',3),(93,'HUNTLEY',1),(94,'ITASCA',4),(95,'KANEVILLE',5),(96,'KINGSTON',6),(97,'KIRKLAND',6),(98,'LAFOX',5),(99,'LOMBARD',4),(100,'MALTA',6),(101,'MAPLE PARK',5),(102,'MARENGO',1),(103,'MAYWOOD',3),(104,'WESTCHESTER',3),(105,'BROADVIEW',3),(106,'LAKE IN THE HILLS',1),(107,'MEDINAH',4),(108,'SCHAUMBURG',3),(109,'MELROSE PARK',3),(110,'HILLSIDE',3),(111,'BERKELEY',3),(112,'STONE PARK',3),(113,'PLATO CENTER',5),(114,'RIVER GROVE',3),(115,'ROSELLE',4),(116,'SAINT CHARLES',5),(117,'SCHILLER PARK',3),(118,'SOUTH ELGIN',5),(119,'SYCAMORE',6),(120,'HOFFMAN ESTATES',3),(121,'UNION',1),(122,'VILLA PARK',4),(123,'VIRGIL',5),(124,'WASCO',5),(125,'WAYNE',4),(126,'WEST CHICAGO',4),(127,'WHEATON',4),(128,'WINFIELD',4),(129,'WOOD DALE',4),(130,'EVANSTON',3),(131,'OAK PARK',3),(132,'RIVER FOREST',3),(133,'BEECHER',8),(134,'BERWYN',3),(135,'BLUE ISLAND',3),(136,'BRACEVILLE',9),(137,'BRAIDWOOD',8),(138,'CALUMET CITY',3),(139,'CHANNAHON',8),(140,'CHICAGO HEIGHTS',3),(141,'CHICAGO RIDGE',3),(142,'COAL CITY',9),(143,'CRETE',8),(144,'DOLTON',3),(145,'DWIGHT',10),(146,'ELWOOD',8),(147,'FLOSSMOOR',3),(148,'FRANKFORT',8),(149,'GARDNER',9),(150,'GLENWOOD',3),(151,'HARVEY',3),(152,'HAZEL CREST',3),(153,'HOMEWOOD',3),(154,'JOLIET',8),(155,'KINSMAN',9),(156,'LANSING',3),(157,'LEMONT',4),(158,'BOLINGBROOK',8),(159,'LOCKPORT',8),(160,'MANHATTAN',8),(161,'MATTESON',3),(162,'MAZON',9),(163,'MIDLOTHIAN',3),(164,'ROMEOVILLE',8),(165,'MINOOKA',9),(166,'MOKENA',8),(167,'MONEE',8),(168,'MORRIS',9),(169,'NEW LENOX',8),(170,'OAK FOREST',3),(171,'OAK LAWN',3),(172,'BRIDGEVIEW',3),(173,'HOMETOWN',3),(174,'HICKORY HILLS',3),(175,'JUSTICE',3),(176,'BURBANK',3),(177,'ODELL',10),(178,'OLYMPIA FIELDS',3),(179,'ORLAND PARK',3),(180,'PALOS HEIGHTS',3),(181,'PALOS PARK',3),(182,'PALOS HILLS',3),(183,'PARK FOREST',3),(184,'PEOTONE',8),(185,'POSEN',3),(186,'RANSOM',11),(187,'RICHTON PARK',3),(188,'ROBBINS',3),(189,'SOUTH HOLLAND',3),(190,'SOUTH WILMINGTON',9),(191,'STEGER',3),(192,'THORNTON',3),(193,'TINLEY PARK',3),(194,'COUNTRY CLUB HILLS',3),(195,'VERONA',9),(196,'WILLOW SPRINGS',3),(197,'WILMINGTON',8),(198,'WORTH',3),(199,'BEDFORD PARK',3),(200,'SUMMIT ARGO',3),(201,'AURORA',4),(202,'BATAVIA',5),(203,'BIG ROCK',5),(204,'BRISTOL',12),(205,'BROOKFIELD',3),(206,'CLARENDON HILLS',4),(207,'DOWNERS GROVE',4),(208,'WOODRIDGE',4),(209,'EARLVILLE',11),(210,'EOLA',4),(211,'HINCKLEY',6),(212,'HINSDALE',4),(213,'OAK BROOK',4),(214,'LA GRANGE',3),(215,'LA GRANGE PARK',3),(216,'WILLOWBROOK',4),(217,'LEE',13),(218,'LELAND',11),(219,'LISLE',4),(220,'LYONS',3),(221,'MILLBROOK',12),(222,'MILLINGTON',12),(223,'MONTGOMERY',12),(224,'MOOSEHEART',5),(225,'NAPERVILLE',4),(226,'NEWARK',12),(227,'NORTH AURORA',5),(228,'OSWEGO',12),(229,'PLAINFIELD',8),(230,'PLANO',12),(231,'RIVERSIDE',3),(232,'SANDWICH',6),(233,'SERENA',11),(234,'SHABBONA',6),(235,'SHERIDAN',11),(236,'SOMONAUK',6),(237,'STEWARD',13),(238,'SUGAR GROVE',5),(239,'WARRENVILLE',4),(240,'WATERMAN',6),(241,'WEDRON',11),(242,'WESTERN SPRINGS',3),(243,'WESTMONT',4),(244,'YORKVILLE',12),(245,'DARIEN',4),(246,'FOX VALLEY',4),(247,'CHICAGO',3),(248,'AMF OHARE',3),(249,'HARWOOD HEIGHTS',3),(250,'ELMWOOD PARK',3),(251,'LINCOLNWOOD',3),(252,'NILES',3),(253,'ALSIP',3),(254,'CICERO',3),(255,'EVERGREEN PARK',3),(256,'RIVERDALE',3),(257,'KANKAKEE',14),(258,'AROMA PARK',14),(259,'ASHKUM',15),(260,'BEAVERVILLE',15),(261,'BONFIELD',14),(262,'BOURBONNAIS',14),(263,'BRADLEY',14),(264,'BUCKINGHAM',14),(265,'BUCKLEY',15),(266,'CABERY',16),(267,'CAMPUS',10),(268,'CHATSWORTH',10),(269,'CHEBANSE',15),(270,'CISSNA PARK',15),(271,'CLAYTONVILLE',15),(272,'CLIFTON',15),(273,'CRESCENT CITY',15),(274,'CULLOM',10),(275,'DANFORTH',15),(276,'DONOVAN',15),(277,'EAST LYNN',17),(278,'ELLIOTT',16),(279,'EMINGTON',10),(280,'ESSEX',14),(281,'GIBSON CITY',16),(282,'GILMAN',15),(283,'GOODWINE',15),(284,'GRANT PARK',14),(285,'HERSCHER',14),(286,'HOOPESTON',17),(287,'HOPKINS PARK',14),(288,'IROQUOIS',15),(289,'KEMPTON',16),(290,'LODA',15),(291,'LUDLOW',18),(292,'MANTENO',14),(293,'MARTINTON',15),(294,'MELVIN',16),(295,'MILFORD',15),(296,'MOMENCE',14),(297,'ONARGA',15),(298,'PAPINEAU',15),(299,'PAXTON',16),(300,'PIPER CITY',16),(301,'RANKIN',17),(302,'REDDICK',14),(303,'ROBERTS',16),(304,'ROSSVILLE',17),(305,'SAINT ANNE',14),(306,'SHELDON',15),(307,'STOCKLAND',15),(308,'THAWVILLE',15),(309,'UNION HILL',14),(310,'WATSEKA',15),(311,'WELLINGTON',15),(312,'WOODLAND',15),(313,'APPLE RIVER',19),(314,'ASHTON',13),(315,'BAILEYVILLE',7),(316,'BELVIDERE',20),(317,'BYRON',7),(318,'CALEDONIA',20),(319,'CAPRON',20),(320,'CEDARVILLE',21),(321,'CHADWICK',22),(322,'CHANA',7),(323,'CHERRY VALLEY',23),(324,'DAKOTA',21),(325,'DAVIS',21),(326,'DAVIS JUNCTION',7),(327,'DIXON',13),(328,'DURAND',23),(329,'EAST DUBUQUE',19),(330,'ELEROY',21),(331,'ELIZABETH',19),(332,'FORRESTON',7),(333,'FRANKLIN GROVE',13),(334,'FREEPORT',21),(335,'GALENA',19),(336,'GALT',24),(337,'GARDEN PRAIRIE',20),(338,'GERMAN VALLEY',21),(339,'HANOVER',19),(340,'HARMON',13),(341,'HOLCOMB',7),(342,'KENT',21),(343,'LANARK',22),(344,'LEAF RIVER',7),(345,'LENA',21),(346,'LINDENWOOD',7),(347,'MC CONNELL',21),(348,'MILLEDGEVILLE',22),(349,'MONROE CENTER',7),(350,'MOUNT CARROLL',22),(351,'MOUNT MORRIS',7),(352,'NACHUSA',13),(353,'NELSON',13),(354,'NORA',19),(355,'ORANGEVILLE',21),(356,'OREGON',7),(357,'PEARL CITY',21),(358,'PECATONICA',23),(359,'POLO',7),(360,'POPLAR GROVE',20),(361,'RIDOTT',21),(362,'ROCHELLE',7),(363,'ROCK CITY',21),(364,'ROCK FALLS',24),(365,'ROCKTON',23),(366,'ROSCOE',23),(367,'SAVANNA',22),(368,'SCALES MOUND',19),(369,'SCIOTO MILLS',21),(370,'SEWARD',23),(371,'SHANNON',22),(372,'SHIRLAND',23),(373,'SOUTH BELOIT',23),(374,'STERLING',24),(375,'STILLMAN VALLEY',7),(376,'STOCKTON',19),(377,'WARREN',19),(378,'WINNEBAGO',23),(379,'WINSLOW',21),(380,'WOOSUNG',7),(381,'ROCKFORD',23),(382,'LOVES PARK',23),(383,'MACHESNEY PARK',23),(384,'ROCK ISLAND',25),(385,'ALBANY',24),(386,'ALEDO',26),(387,'ANDALUSIA',25),(388,'ANDOVER',27),(389,'ANNAWAN',27),(390,'ATKINSON',27),(391,'BARSTOW',25),(392,'BUFFALO PRAIRIE',25),(393,'CAMBRIDGE',27),(394,'CARBON CLIFF',25),(395,'COAL VALLEY',25),(396,'COLONA',27),(397,'CORDOVA',25),(398,'DEER GROVE',24),(399,'EAST MOLINE',25),(400,'ERIE',24),(401,'FENTON',24),(402,'FULTON',24),(403,'GENESEO',27),(404,'HAMPTON',25),(405,'HILLSDALE',25),(406,'HOOPPOLE',27),(407,'ILLINOIS CITY',25),(408,'JOY',26),(409,'LYNDON',24),(410,'LYNN CENTER',27),(411,'MATHERVILLE',26),(412,'MILAN',25),(413,'MOLINE',25),(414,'MORRISON',24),(415,'NEW BOSTON',26),(416,'ORION',27),(417,'OSCO',27),(418,'PORT BYRON',25),(419,'PREEMPTION',26),(420,'PROPHETSTOWN',24),(421,'RAPIDS CITY',25),(422,'REYNOLDS',25),(423,'SHERRARD',26),(424,'SILVIS',25),(425,'TAMPICO',24),(426,'TAYLOR RIDGE',25),(427,'THOMSON',22),(428,'LA SALLE',11),(429,'AMBOY',13),(430,'ANCONA',10),(431,'ARLINGTON',28),(432,'BLACKSTONE',10),(433,'BUDA',28),(434,'BUREAU',28),(435,'CEDAR POINT',11),(436,'CHERRY',28),(437,'COMPTON',13),(438,'CORNELL',10),(439,'DALZELL',28),(440,'DANA',11),(441,'DEPUE',28),(442,'DOVER',28),(443,'ELDENA',13),(444,'GRAND RIDGE',11),(445,'GRANVILLE',29),(446,'HENNEPIN',29),(447,'KASBEER',28),(448,'LADD',28),(449,'LA MOILLE',28),(450,'LEE CENTER',13),(451,'LEONORE',11),(452,'LONG POINT',10),(453,'LOSTANT',11),(454,'MC NABB',29),(455,'MAGNOLIA',29),(456,'MALDEN',28),(457,'MANLIUS',28),(458,'MARK',29),(459,'MARSEILLES',11),(460,'MENDOTA',11),(461,'MINERAL',28),(462,'NEPONSET',28),(463,'NEW BEDFORD',28),(464,'OGLESBY',11),(465,'OHIO',28),(466,'OTTAWA',11),(467,'PAW PAW',13),(468,'PERU',11),(469,'PRINCETON',28),(470,'RUTLAND',11),(471,'SEATONVILLE',28),(472,'SENECA',11),(473,'SHEFFIELD',28),(474,'SPRING VALLEY',28),(475,'STANDARD',29),(476,'STREATOR',11),(477,'SUBLETTE',13),(478,'TISKILWA',28),(479,'TOLUCA',30),(480,'TONICA',11),(481,'TRIUMPH',11),(482,'TROY GROVE',11),(483,'UTICA',11),(484,'VAN ORIN',28),(485,'VARNA',30),(486,'WALNUT',28),(487,'WENONA',30),(488,'WEST BROOKLYN',13),(489,'WYANET',28),(490,'GALESBURG',31),(491,'ABINGDON',31),(492,'ADAIR',32),(493,'ALEXIS',26),(494,'ALPHA',27),(495,'ALTONA',31),(496,'AVON',33),(497,'BARDOLPH',32),(498,'BERWICK',34),(499,'BIGGSVILLE',35),(500,'BISHOP HILL',27),(501,'BLANDINSVILLE',32),(502,'BRADFORD',36),(503,'BUSHNELL',32),(504,'CAMERON',34),(505,'CAMP GROVE',30),(506,'CARMAN',35),(507,'CASTLETON',36),(508,'CUBA',33),(509,'DAHINDA',31),(510,'EAST GALESBURG',31),(511,'ELLISVILLE',33),(512,'FAIRVIEW',33),(513,'FIATT',33),(514,'GALVA',27),(515,'GERLAW',34),(516,'GILSON',31),(517,'GLADSTONE',35),(518,'GOOD HOPE',32),(519,'HENDERSON',31),(520,'INDUSTRY',32),(521,'IPAVA',33),(522,'KEITHSBURG',26),(523,'KEWANEE',27),(524,'KIRKWOOD',34),(525,'KNOXVILLE',31),(526,'LA FAYETTE',36),(527,'LA HARPE',37),(528,'LAURA',38),(529,'LITTLETON',39),(530,'LITTLE YORK',34),(531,'LOMAX',35),(532,'MACOMB',32),(533,'MAQUON',31),(534,'MARIETTA',33),(535,'MEDIA',35),(536,'MONMOUTH',34),(537,'NEW WINDSOR',26),(538,'NORTH HENDERSON',26),(539,'ONEIDA',31),(540,'OPHEIM',27),(541,'OQUAWKA',35),(542,'PRAIRIE CITY',32),(543,'RARITAN',35),(544,'RIO',31),(545,'ROSEVILLE',34),(546,'SAINT AUGUSTINE',31),(547,'SCIOTA',32),(548,'SEATON',26),(549,'SMITHFIELD',33),(550,'SMITHSHIRE',34),(551,'SPEER',36),(552,'STRONGHURST',35),(553,'TABLE GROVE',33),(554,'TOULON',36),(555,'VERMONT',33),(556,'VICTORIA',31),(557,'VIOLA',26),(558,'WATAGA',31),(559,'WILLIAMSFIELD',31),(560,'WOODHULL',27),(561,'WYOMING',36),(562,'ASTORIA',33),(563,'BENSON',40),(564,'BRIMFIELD',38),(565,'BRYANT',33),(566,'CANTON',33),(567,'CHILLICOTHE',38),(568,'DUNFERMLINE',33),(569,'DUNLAP',38),(570,'EDELSTEIN',38),(571,'EDWARDS',38),(572,'ELMWOOD',38),(573,'EUREKA',40),(574,'FARMINGTON',33),(575,'FOREST CITY',41),(576,'GLASFORD',38),(577,'GREEN VALLEY',42),(578,'GROVELAND',42),(579,'HANNA CITY',38),(580,'HENRY',30),(581,'KINGSTON MINES',38),(582,'LACON',30),(583,'LA ROSE',30),(584,'LEWISTOWN',33),(585,'LIVERPOOL',33),(586,'LONDON MILLS',33),(587,'LOWPOINT',40),(588,'MANITO',41),(589,'MAPLETON',38),(590,'METAMORA',40),(591,'MORTON',42),(592,'MOSSVILLE',38),(593,'NORRIS',33),(594,'PEKIN',42),(595,'PRINCEVILLE',36),(596,'PUTNAM',29),(597,'ROANOKE',40),(598,'ROME',38),(599,'SAINT DAVID',33),(600,'SOUTH PEKIN',42),(601,'SPARLAND',30),(602,'TOPEKA',41),(603,'TREMONT',42),(604,'TRIVOLI',38),(605,'WASHBURN',30),(606,'WASHINGTON',42),(607,'YATES CITY',31),(608,'PEORIA',38),(609,'CREVE COEUR',42),(610,'EAST PEORIA',42),(611,'BLOOMINGTON',43),(612,'ANCHOR',43),(613,'ARMINGTON',42),(614,'ARROWSMITH',43),(615,'ATLANTA',44),(616,'BELLFLOWER',43),(617,'CARLOCK',43),(618,'CHENOA',43),(619,'CLINTON',45),(620,'COLFAX',43),(621,'CONGERVILLE',40),(622,'COOKSVILLE',43),(623,'CROPSEY',43),(624,'DANVERS',43),(625,'DEER CREEK',42),(626,'DELAVAN',42),(627,'DEWITT',45),(628,'DOWNS',43),(629,'ELLSWORTH',43),(630,'EL PASO',40),(631,'FAIRBURY',10),(632,'FLANAGAN',10),(633,'FORREST',10),(634,'GOODFIELD',40),(635,'GRAYMONT',10),(636,'GRIDLEY',43),(637,'HEYWORTH',43),(638,'HOPEDALE',42),(639,'HUDSON',43),(640,'KENNEY',45),(641,'LANE',45),(642,'LAWNDALE',44),(643,'LE ROY',43),(644,'LEXINGTON',43),(645,'MC LEAN',43),(646,'MACKINAW',42),(647,'MAROA',46),(648,'MERNA',43),(649,'MINIER',42),(650,'MINONK',40),(651,'NORMAL',43),(652,'PONTIAC',10),(653,'SAUNEMIN',10),(654,'SAYBROOK',43),(655,'SECOR',40),(656,'SHIRLEY',43),(657,'SIBLEY',16),(658,'STANFORD',43),(659,'STRAWN',10),(660,'TOWANDA',43),(661,'WAPELLA',45),(662,'WAYNESVILLE',45),(663,'URBANA',18),(664,'ALLERTON',17),(665,'ALVIN',17),(666,'ARMSTRONG',17),(667,'BEMENT',47),(668,'BISMARCK',17),(669,'BONDVILLE',18),(670,'BROADLANDS',18),(671,'CATLIN',17),(672,'CERRO GORDO',47),(673,'CHAMPAIGN',18),(674,'CISCO',47),(675,'COLLISON',17),(676,'DANVILLE',17),(677,'TILTON',17),(678,'DE LAND',47),(679,'DEWEY',18),(680,'FAIRMOUNT',17),(681,'FARMER CITY',45),(682,'FISHER',18),(683,'FITHIAN',17),(684,'FOOSLAND',18),(685,'GEORGETOWN',17),(686,'GIFFORD',18),(687,'HENNING',17),(688,'HOMER',18),(689,'INDIANOLA',17),(690,'IVESDALE',18),(691,'LONGVIEW',18),(692,'MAHOMET',18),(693,'MANSFIELD',47),(694,'MILMINE',47),(695,'MONTICELLO',47),(696,'MUNCIE',17),(697,'OAKWOOD',17),(698,'OGDEN',18),(699,'PENFIELD',18),(700,'PESOTUM',18),(701,'PHILO',18),(702,'POTOMAC',17),(703,'RANTOUL',18),(704,'RIDGE FARM',17),(705,'ROYAL',18),(706,'SADORUS',18),(707,'SAINT JOSEPH',18),(708,'SAVOY',18),(709,'SEYMOUR',18),(710,'SIDELL',17),(711,'SIDNEY',18),(712,'THOMASBORO',18),(713,'TOLONO',18),(714,'WELDON',45),(715,'WESTVILLE',17),(716,'WHITE HEATH',47),(717,'ARCOLA',48),(718,'ARTHUR',48),(719,'ASHMORE',49),(720,'ATWOOD',48),(721,'BETHANY',50),(722,'BROCTON',51),(723,'CAMARGO',48),(724,'CHARLESTON',49),(725,'CHRISMAN',51),(726,'DALTON CITY',50),(727,'GAYS',50),(728,'HAMMOND',47),(729,'HINDSBORO',48),(730,'HUMBOLDT',49),(731,'HUME',51),(732,'KANSAS',51),(733,'LA PLACE',47),(734,'LOVINGTON',50),(735,'MATTOON',49),(736,'METCALF',51),(737,'MURDOCK',48),(738,'NEWMAN',48),(739,'OAKLAND',49),(740,'PARIS',51),(741,'REDMON',51),(742,'SULLIVAN',50),(743,'TUSCOLA',48),(744,'VERMILION',51),(745,'VILLA GROVE',48),(746,'WINDSOR',52),(747,'ALHAMBRA',53),(748,'ALTON',53),(749,'BATCHTOWN',54),(750,'BENLD',55),(751,'BETHALTO',53),(752,'BINGHAM',56),(753,'BRIGHTON',57),(754,'BRUSSELS',54),(755,'BUNKER HILL',55),(756,'BUTLER',58),(757,'CARROLLTON',59),(758,'COFFEEN',58),(759,'COTTAGE HILLS',53),(760,'DONNELLSON',60),(761,'DORSEY',53),(762,'DOW',57),(763,'EAGARVILLE',55),(764,'EAST ALTON',53),(765,'EDWARDSVILLE',53),(766,'ELDRED',59),(767,'ELSAH',57),(768,'FIDELITY',57),(769,'FIELDON',57),(770,'FILLMORE',58),(771,'GILLESPIE',55),(772,'GLEN CARBON',53),(773,'GODFREY',53),(774,'GOLDEN EAGLE',54),(775,'GRAFTON',57),(776,'GRANITE CITY',53),(777,'GREENFIELD',59),(778,'HAMBURG',54),(779,'HAMEL',53),(780,'HARDIN',54),(781,'HARTFORD',53),(782,'HILLSBORO',58),(783,'HILLVIEW',59),(784,'IRVING',58),(785,'JERSEYVILLE',57),(786,'KAMPSVILLE',54),(787,'KANE',59),(788,'LITCHFIELD',58),(789,'LIVINGSTON',53),(790,'LOVEJOY',61),(791,'MADISON',53),(792,'MARINE',53),(793,'MARYVILLE',53),(794,'MEDORA',57),(795,'MICHAEL',54),(796,'MORO',53),(797,'MOUNT OLIVE',55),(798,'MOZIER',54),(799,'NATIONAL STOCK YARDS',61),(800,'NEW DOUGLAS',53),(801,'NOKOMIS',58),(802,'OHLMAN',58),(803,'PANAMA',58),(804,'PATTERSON',59),(805,'PIASA',55),(806,'RAMSEY',56),(807,'ROCKBRIDGE',59),(808,'ROODHOUSE',59),(809,'ROSAMOND',62),(810,'ROXANA',53),(811,'SAWYERVILLE',55),(812,'SORENTO',60),(813,'SOUTH ROXANA',53),(814,'STAUNTON',55),(815,'TAYLOR SPRINGS',58),(816,'VENICE',53),(817,'WALSHVILLE',58),(818,'WHITE HALL',59),(819,'WILSONVILLE',55),(820,'WITT',58),(821,'WOOD RIVER',53),(822,'WORDEN',53),(823,'WRIGHTS',59),(824,'EAST SAINT LOUIS',61),(825,'FAIRVIEW HEIGHTS',61),(826,'ADDIEVILLE',63),(827,'ALBERS',64),(828,'AVISTON',64),(829,'BALDWIN',65),(830,'BARTELSO',64),(831,'BECKEMEYER',64),(832,'BELLEVILLE',61),(833,'MASCOUTAH',61),(834,'SCOTT AIR FORCE BASE',61),(835,'BREESE',64),(836,'CARLYLE',64),(837,'CASEYVILLE',61),(838,'CHESTER',65),(839,'COLLINSVILLE',53),(840,'COLUMBIA',66),(841,'COULTERVILLE',65),(842,'CUTLER',67),(843,'DUPO',61),(844,'EAST CARONDELET',61),(845,'ELLIS GROVE',65),(846,'EVANSVILLE',65),(847,'FREEBURG',61),(848,'FULTS',66),(849,'GERMANTOWN',64),(850,'GREENVILLE',60),(851,'HAGARSTOWN',56),(852,'HECKER',66),(853,'HIGHLAND',53),(854,'HOFFMAN',64),(855,'HUEY',64),(856,'KEYESPORT',64),(857,'LEBANON',61),(858,'LENZBURG',61),(859,'MAEYSTOWN',66),(860,'MARISSA',61),(861,'MENARD',65),(862,'MILLSTADT',61),(863,'MODOC',65),(864,'MULBERRY GROVE',60),(865,'NASHVILLE',63),(866,'NEW ATHENS',61),(867,'NEW BADEN',64),(868,'NEW MEMPHIS',64),(869,'OAKDALE',63),(870,'O FALLON',61),(871,'OKAWVILLE',63),(872,'PERCY',65),(873,'PIERRON',60),(874,'PINCKNEYVILLE',67),(875,'POCAHONTAS',60),(876,'PRAIRIE DU ROCHER',65),(877,'RED BUD',65),(878,'RENAULT',66),(879,'ROCKWOOD',65),(880,'SAINT JACOB',53),(881,'SAINT LIBORY',61),(882,'SHATTUC',64),(883,'SMITHBORO',60),(884,'SMITHTON',61),(885,'SPARTA',65),(886,'STEELEVILLE',65),(887,'SUMMERFIELD',61),(888,'TILDEN',65),(889,'TRENTON',64),(890,'TROY',53),(891,'VALMEYER',66),(892,'WALSH',65),(893,'WATERLOO',66),(894,'QUINCY',68),(895,'ADRIAN',37),(896,'AUGUSTA',37),(897,'BARRY',69),(898,'BASCO',37),(899,'BAYLIS',69),(900,'BOWEN',37),(901,'BURNSIDE',37),(902,'CAMDEN',39),(903,'CAMP POINT',68),(904,'CARTHAGE',37),(905,'CHAMBERSBURG',69),(906,'CLAYTON',68),(907,'COATSBURG',68),(908,'COLCHESTER',32),(909,'COLUSA',37),(910,'DALLAS CITY',37),(911,'ELVASTON',37),(912,'FERRIS',37),(913,'FOWLER',68),(914,'GOLDEN',68),(915,'GRIGGSVILLE',69),(916,'HAMILTON',37),(917,'HULL',69),(918,'HUNTSVILLE',39),(919,'KINDERHOOK',69),(920,'LA PRAIRIE',68),(921,'LIBERTY',68),(922,'LIMA',68),(923,'LORAINE',68),(924,'MENDON',68),(925,'MILTON',69),(926,'MOUNT STERLING',70),(927,'NAUVOO',37),(928,'NEBO',69),(929,'NEW CANTON',69),(930,'NEW SALEM',69),(931,'NIOTA',37),(932,'PALOMA',68),(933,'PAYSON',68),(934,'PEARL',69),(935,'PERRY',69),(936,'PITTSFIELD',69),(937,'PLAINVILLE',68),(938,'PLEASANT HILL',69),(939,'PLYMOUTH',37),(940,'ROCKPORT',69),(941,'SUTTER',37),(942,'TENNESSEE',32),(943,'TIMEWELL',70),(944,'URSA',68),(945,'VERSAILLES',70),(946,'WARSAW',37),(947,'WEST POINT',37),(948,'EFFINGHAM',71),(949,'ALLENDALE',72),(950,'ALTAMONT',71),(951,'ANNAPOLIS',73),(952,'BEECHER CITY',71),(953,'BIRDS',74),(954,'BRIDGEPORT',74),(955,'BROWNSTOWN',56),(956,'CALHOUN',75),(957,'CASEY',76),(958,'CLAREMONT',75),(959,'COWDEN',52),(960,'DENNISON',76),(961,'DIETERICH',71),(962,'DUNDAS',75),(963,'EDGEWOOD',71),(964,'FLAT ROCK',73),(965,'GREENUP',77),(966,'HERRICK',52),(967,'HIDALGO',78),(968,'HUTSONVILLE',73),(969,'INGRAHAM',79),(970,'JANESVILLE',77),(971,'JEWETT',77),(972,'LAKEWOOD',52),(973,'LAWRENCEVILLE',74),(974,'LERNA',49),(975,'MARSHALL',76),(976,'MARTINSVILLE',76),(977,'MASON',71),(978,'MODE',52),(979,'MONTROSE',71),(980,'MOUNT ERIE',80),(981,'NEOGA',77),(982,'NEWTON',78),(983,'OBLONG',73),(984,'OLNEY',75),(985,'PALESTINE',73),(986,'PARKERSBURG',75),(987,'ROBINSON',73),(988,'SAINT ELMO',56),(989,'SAINTE MARIE',78),(990,'SAINT FRANCISVILLE',74),(991,'SHUMWAY',71),(992,'SIGEL',52),(993,'STEWARDSON',52),(994,'STOY',73),(995,'STRASBURG',52),(996,'SUMNER',74),(997,'TEUTOPOLIS',71),(998,'TOLEDO',77),(999,'TRILLA',49),(1000,'VANDALIA',56),(1001,'WATSON',71),(1002,'WESTFIELD',76),(1003,'WEST LIBERTY',78),(1004,'WEST SALEM',81),(1005,'WEST UNION',76),(1006,'WEST YORK',73),(1007,'WHEELER',78),(1008,'WILLOW HILL',78),(1009,'YALE',78),(1010,'ARGENTA',46),(1011,'ASSUMPTION',62),(1012,'ATWATER',55),(1013,'BEASON',44),(1014,'BLUE MOUND',46),(1015,'BOODY',46),(1016,'BUFFALO',82),(1017,'BULPITT',62),(1018,'CHESTNUT',44),(1019,'CORNLAND',44),(1020,'DAWSON',82),(1021,'DECATUR',46),(1022,'DIVERNON',82),(1023,'EDINBURG',62),(1024,'ELWIN',46),(1025,'FARMERSVILLE',58),(1026,'FINDLAY',52),(1027,'FORSYTH',46),(1028,'GLENARM',82),(1029,'HARRISTOWN',46),(1030,'HARVEL',58),(1031,'ILLIOPOLIS',82),(1032,'KINCAID',62),(1033,'LAKE FORK',44),(1034,'LATHAM',44),(1035,'MACON',46),(1036,'MECHANICSBURG',82),(1037,'MORRISONVILLE',62),(1038,'MOUNT AUBURN',62),(1039,'MOUNT PULASKI',44),(1040,'MT ZION',46),(1041,'MOWEAQUA',52),(1042,'NIANTIC',46),(1043,'OAKLEY',46),(1044,'OCONEE',52),(1045,'OREANA',46),(1046,'OWANECO',62),(1047,'PALMER',62),(1048,'PANA',62),(1049,'PAWNEE',82),(1050,'RAYMOND',58),(1051,'RIVERTON',82),(1052,'ROCHESTER',82),(1053,'SHELBYVILLE',52),(1054,'STONINGTON',62),(1055,'TAYLORVILLE',62),(1056,'TOVEY',62),(1057,'TOWER HILL',52),(1058,'WAGGONER',58),(1059,'WARRENSBURG',46),(1060,'ALEXANDER',83),(1061,'ALSEY',84),(1062,'ARENZVILLE',85),(1063,'ASHLAND',85),(1064,'ATHENS',86),(1065,'AUBURN',82),(1066,'BATH',41),(1067,'BEARDSTOWN',85),(1068,'BLUFFS',84),(1069,'BLUFF SPRINGS',85),(1070,'BROWNING',39),(1071,'CANTRALL',82),(1072,'CARLINVILLE',55),(1073,'CHANDLERVILLE',85),(1074,'CHAPIN',83),(1075,'CHATHAM',82),(1076,'CHESTERFIELD',55),(1077,'CONCORD',83),(1078,'EASTON',41),(1079,'ELKHART',44),(1080,'EMDEN',44),(1081,'FRANKLIN',83),(1082,'FREDERICK',39),(1083,'GIRARD',55),(1084,'GREENVIEW',86),(1085,'HARTSBURG',44),(1086,'HAVANA',41),(1087,'HETTICK',55),(1088,'JACKSONVILLE',83),(1089,'KILBOURNE',41),(1090,'LINCOLN',44),(1091,'LINCOLN\'S NEW SALEM',86),(1092,'LITERBERRY',83),(1093,'LOAMI',82),(1094,'LOWDER',82),(1095,'MANCHESTER',84),(1096,'MASON CITY',41),(1097,'MEREDOSIA',83),(1098,'MIDDLETOWN',44),(1099,'MODESTO',55),(1100,'MURRAYVILLE',83),(1101,'NEW BERLIN',82),(1102,'NEW HOLLAND',44),(1103,'NILWOOD',55),(1104,'OAKFORD',86),(1105,'PALMYRA',55),(1106,'PETERSBURG',86),(1107,'PLEASANT PLAINS',82),(1108,'RUSHVILLE',39),(1109,'SAN JOSE',41),(1110,'SCOTTVILLE',55),(1111,'SHERMAN',82),(1112,'SHIPMAN',55),(1113,'STANDARD CITY',55),(1114,'TALLULA',86),(1115,'THAYER',82),(1116,'VIRDEN',55),(1117,'VIRGINIA',85),(1118,'WAVERLY',83),(1119,'WILLIAMSVILLE',82),(1120,'WINCHESTER',84),(1121,'WOODSON',83),(1122,'SPRINGFIELD',82),(1123,'CENTRALIA',87),(1124,'HOYLETON',63),(1125,'AKIN',88),(1126,'ALBION',81),(1127,'ALMA',87),(1128,'ASHLEY',63),(1129,'BARNHILL',80),(1130,'BELLE RIVE',89),(1131,'BELLMONT',72),(1132,'BENTON',88),(1133,'BLUFORD',89),(1134,'BONE GAP',81),(1135,'BONNIE',89),(1136,'BROUGHTON',90),(1137,'BROWNS',81),(1138,'BUCKNER',88),(1139,'BURNT PRAIRIE',91),(1140,'CARMI',91),(1141,'CHRISTOPHER',88),(1142,'CISNE',80),(1143,'CLAY CITY',79),(1144,'COELLO',88),(1145,'CROSSVILLE',91),(1146,'DAHLGREN',90),(1147,'DALE',90),(1148,'DIX',89),(1149,'DU BOIS',63),(1150,'DU QUOIN',67),(1151,'ELLERY',81),(1152,'EMMA',91),(1153,'ENFIELD',91),(1154,'EWING',88),(1155,'FAIRFIELD',80),(1156,'FARINA',56),(1157,'FLORA',79),(1158,'FRANKFORT HEIGHTS',88),(1159,'FREEMAN SPUR',92),(1160,'GEFF',80),(1161,'GOLDEN GATE',80),(1162,'GRAYVILLE',91),(1163,'HERALD',91),(1164,'INA',89),(1165,'IOLA',79),(1166,'IRVINGTON',63),(1167,'IUKA',87),(1168,'JOHNSONVILLE',80),(1169,'KEENES',80),(1170,'KEENSBURG',72),(1171,'KELL',87),(1172,'KINMUNDY',87),(1173,'LANCASTER',72),(1174,'LOGAN',88),(1175,'LOOGOOTEE',56),(1176,'LOUISVILLE',79),(1177,'MC LEANSBORO',90),(1178,'MACEDONIA',90),(1179,'MAUNIE',91),(1180,'MILL SHOALS',91),(1181,'MOUNT CARMEL',72),(1182,'MOUNT VERNON',89),(1183,'MULKEYTOWN',88),(1184,'NASON',89),(1185,'NEW HAVEN',93),(1186,'NOBLE',75),(1187,'NORRIS CITY',91),(1188,'ODIN',87),(1189,'OMAHA',93),(1190,'OPDYKE',89),(1191,'ORIENT',88),(1192,'PATOKA',87),(1193,'RADOM',63),(1194,'RICHVIEW',63),(1195,'RINARD',80),(1196,'SAILOR SPRINGS',79),(1197,'SAINT PETER',56),(1198,'SALEM',87),(1199,'SANDOVAL',87),(1200,'SCHELLER',89),(1201,'SESSER',88),(1202,'SHOBONIER',56),(1203,'SIMS',80),(1204,'SPRINGERTON',91),(1205,'TAMAROA',67),(1206,'TEXICO',89),(1207,'THOMPSONVILLE',88),(1208,'VALIER',88),(1209,'VERNON',87),(1210,'WALNUT HILL',87),(1211,'WALTONVILLE',89),(1212,'WAYNE CITY',80),(1213,'WEST FRANKFORT',88),(1214,'WHITTINGTON',88),(1215,'WOODLAWN',89),(1216,'XENIA',79),(1217,'CARBONDALE',94),(1218,'ALTO PASS',95),(1219,'ANNA',95),(1220,'AVA',94),(1221,'BELKNAP',96),(1222,'BOLES',96),(1223,'BROOKPORT',97),(1224,'BUNCOMBE',96),(1225,'CACHE',98),(1226,'CAIRO',98),(1227,'CAMBRIA',92),(1228,'CAMPBELL HILL',94),(1229,'CARRIER MILLS',99),(1230,'CARTERVILLE',92),(1231,'CAVE IN ROCK',100),(1232,'COBDEN',95),(1233,'COLP',92),(1234,'CREAL SPRINGS',92),(1235,'CYPRESS',96),(1236,'DE SOTO',94),(1237,'DONGOLA',95),(1238,'DOWELL',94),(1239,'EDDYVILLE',101),(1240,'ELDORADO',99),(1241,'ELIZABETHTOWN',100),(1242,'ELKVILLE',94),(1243,'ENERGY',92),(1244,'EQUALITY',93),(1245,'GALATIA',99),(1246,'GOLCONDA',101),(1247,'GOREVILLE',96),(1248,'GORHAM',94),(1249,'GRAND CHAIN',102),(1250,'GRAND TOWER',94),(1251,'GRANTSBURG',96),(1252,'HAMLETSBURG',101),(1253,'HARRISBURG',99),(1254,'HEROD',101),(1255,'HERRIN',92),(1256,'HURST',92),(1257,'JACOB',94),(1258,'JOHNSTON CITY',92),(1259,'JONESBORO',95),(1260,'JOPPA',97),(1261,'JUNCTION',93),(1262,'KARBERS RIDGE',100),(1263,'KARNAK',102),(1264,'MC CLURE',98),(1265,'MAKANDA',94),(1266,'MARION',92),(1267,'METROPOLIS',97),(1268,'MILLCREEK',95),(1269,'MILLER CITY',98),(1270,'MOUND CITY',102),(1271,'MOUNDS',102),(1272,'MUDDY',99),(1273,'MURPHYSBORO',94),(1274,'NEW BURNSIDE',96),(1275,'OLIVE BRANCH',98),(1276,'OLMSTED',102),(1277,'ORAVILLE',94),(1278,'OZARK',96),(1279,'PERKS',102),(1280,'PITTSBURG',92),(1281,'POMONA',94),(1282,'PULASKI',102),(1283,'RALEIGH',99),(1284,'RIDGWAY',93),(1285,'ROSICLARE',100),(1286,'ROYALTON',88),(1287,'SHAWNEETOWN',93),(1288,'SIMPSON',96),(1289,'STONEFORT',99),(1290,'TAMMS',98),(1291,'THEBES',98),(1292,'TUNNEL HILL',96),(1293,'ULLIN',102),(1294,'UNITY',98),(1295,'VERGENNES',94),(1296,'VIENNA',96),(1297,'VILLA RIDGE',102),(1298,'WILLISVILLE',67),(1299,'WOLF LAKE',95),(1300,'ZEIGLER',88);
/*!40000 ALTER TABLE `city` ENABLE KEYS */;
UNLOCK TABLES;

--
-- Temporary table structure for view `city_details`
--

DROP TABLE IF EXISTS `city_details`;
/*!50001 DROP VIEW IF EXISTS `city_details`*/;
SET @saved_cs_client     = @@character_set_client;
SET character_set_client = utf8;
/*!50001 CREATE TABLE `city_details` (
  `zipcode` tinyint NOT NULL,
  `city_name` tinyint NOT NULL,
  `county_name` tinyint NOT NULL
) ENGINE=MyISAM */;
SET character_set_client = @saved_cs_client;

--
-- Temporary table structure for view `city_zipcode`
--

DROP TABLE IF EXISTS `city_zipcode`;
/*!50001 DROP VIEW IF EXISTS `city_zipcode`*/;
SET @saved_cs_client     = @@character_set_client;
SET character_set_client = utf8;
/*!50001 CREATE TABLE `city_zipcode` (
  `id` tinyint NOT NULL,
  `name` tinyint NOT NULL,
  `zipcode` tinyint NOT NULL
) ENGINE=MyISAM */;
SET character_set_client = @saved_cs_client;

--
-- Table structure for table `county`
--

DROP TABLE IF EXISTS `county`;
/*!40101 SET @saved_cs_client     = @@character_set_client */;
/*!40101 SET character_set_client = utf8 */;
CREATE TABLE `county` (
  `id` int(11) NOT NULL AUTO_INCREMENT,
  `name` varchar(20) DEFAULT NULL,
  `state_id` int(11) NOT NULL,
  PRIMARY KEY (`id`),
  KEY `fk_county_state1_idx` (`state_id`),
  CONSTRAINT `fk_county_state1` FOREIGN KEY (`state_id`) REFERENCES `state` (`id`)
) ENGINE=InnoDB AUTO_INCREMENT=103 DEFAULT CHARSET=utf8;
/*!40101 SET character_set_client = @saved_cs_client */;

--
-- Dumping data for table `county`
--

LOCK TABLES `county` WRITE;
/*!40000 ALTER TABLE `county` DISABLE KEYS */;
INSERT INTO `county` VALUES (1,'MCHENRY',1),(2,'LAKE',1),(3,'COOK',1),(4,'DU PAGE',1),(5,'KANE',1),(6,'DE KALB',1),(7,'OGLE',1),(8,'WILL',1),(9,'GRUNDY',1),(10,'LIVINGSTON',1),(11,'LA SALLE',1),(12,'KENDALL',1),(13,'LEE',1),(14,'KANKAKEE',1),(15,'IROQUOIS',1),(16,'FORD',1),(17,'VERMILION',1),(18,'CHAMPAIGN',1),(19,'JO DAVIESS',1),(20,'BOONE',1),(21,'STEPHENSON',1),(22,'CARROLL',1),(23,'WINNEBAGO',1),(24,'WHITESIDE',1),(25,'ROCK ISLAND',1),(26,'MERCER',1),(27,'HENRY',1),(28,'BUREAU',1),(29,'PUTNAM',1),(30,'MARSHALL',1),(31,'KNOX',1),(32,'MCDONOUGH',1),(33,'FULTON',1),(34,'WARREN',1),(35,'HENDERSON',1),(36,'STARK',1),(37,'HANCOCK',1),(38,'PEORIA',1),(39,'SCHUYLER',1),(40,'WOODFORD',1),(41,'MASON',1),(42,'TAZEWELL',1),(43,'MCLEAN',1),(44,'LOGAN',1),(45,'DEWITT',1),(46,'MACON',1),(47,'PIATT',1),(48,'DOUGLAS',1),(49,'COLES',1),(50,'MOULTRIE',1),(51,'EDGAR',1),(52,'SHELBY',1),(53,'MADISON',1),(54,'CALHOUN',1),(55,'MACOUPIN',1),(56,'FAYETTE',1),(57,'JERSEY',1),(58,'MONTGOMERY',1),(59,'GREENE',1),(60,'BOND',1),(61,'SAINT CLAIR',1),(62,'CHRISTIAN',1),(63,'WASHINGTON',1),(64,'CLINTON',1),(65,'RANDOLPH',1),(66,'MONROE',1),(67,'PERRY',1),(68,'ADAMS',1),(69,'PIKE',1),(70,'BROWN',1),(71,'EFFINGHAM',1),(72,'WABASH',1),(73,'CRAWFORD',1),(74,'LAWRENCE',1),(75,'RICHLAND',1),(76,'CLARK',1),(77,'CUMBERLAND',1),(78,'JASPER',1),(79,'CLAY',1),(80,'WAYNE',1),(81,'EDWARDS',1),(82,'SANGAMON',1),(83,'MORGAN',1),(84,'SCOTT',1),(85,'CASS',1),(86,'MENARD',1),(87,'MARION',1),(88,'FRANKLIN',1),(89,'JEFFERSON',1),(90,'HAMILTON',1),(91,'WHITE',1),(92,'WILLIAMSON',1),(93,'GALLATIN',1),(94,'JACKSON',1),(95,'UNION',1),(96,'JOHNSON',1),(97,'MASSAC',1),(98,'ALEXANDER',1),(99,'SALINE',1),(100,'HARDIN',1),(101,'POPE',1),(102,'PULASKI',1);
/*!40000 ALTER TABLE `county` ENABLE KEYS */;
UNLOCK TABLES;

--
-- Temporary table structure for view `county_city`
--

DROP TABLE IF EXISTS `county_city`;
/*!50001 DROP VIEW IF EXISTS `county_city`*/;
SET @saved_cs_client     = @@character_set_client;
SET character_set_client = utf8;
/*!50001 CREATE TABLE `county_city` (
  `id` tinyint NOT NULL,
  `name` tinyint NOT NULL,
  `city_name` tinyint NOT NULL
) ENGINE=MyISAM */;
SET character_set_client = @saved_cs_client;

--
-- Table structure for table `geo`
--

DROP TABLE IF EXISTS `geo`;
/*!40101 SET @saved_cs_client     = @@character_set_client */;
/*!40101 SET character_set_client = utf8 */;
CREATE TABLE `geo` (
  `id` int(11) NOT NULL AUTO_INCREMENT,
  `latitude` decimal(10,0) DEFAULT NULL,
  `longitude` decimal(10,0) DEFAULT NULL,
  `zipcode` int(11) DEFAULT NULL,
  `zipclass` varchar(15) DEFAULT NULL,
  `city_id` int(11) NOT NULL,
  PRIMARY KEY (`id`),
  KEY `fk_geo_city1_idx` (`city_id`),
  CONSTRAINT `fk_geo_city1` FOREIGN KEY (`city_id`) REFERENCES `city` (`id`)
) ENGINE=InnoDB AUTO_INCREMENT=1597 DEFAULT CHARSET=utf8;
/*!40101 SET character_set_client = @saved_cs_client */;

--
-- Dumping data for table `geo`
--

LOCK TABLES `geo` WRITE;
/*!40000 ALTER TABLE `geo` DISABLE KEYS */;
INSERT INTO `geo` VALUES (1,42,-88,60001,'STANDARD',1),(2,42,-88,60002,'STANDARD',2),(3,42,-88,60004,'STANDARD',3),(4,42,-88,60005,'STANDARD',3),(5,42,-88,60006,'STANDARD',3),(6,42,-88,60007,'STANDARD',4),(7,42,-88,60008,'STANDARD',5),(8,42,-88,60009,'STANDARD',4),(9,42,-88,60010,'STANDARD',6),(10,42,-88,60011,'STANDARD',6),(11,42,-88,60012,'STANDARD',7),(12,42,-88,60013,'STANDARD',8),(13,42,-88,60014,'STANDARD',7),(14,42,-88,60015,'STANDARD',9),(15,42,-88,60016,'STANDARD',10),(16,42,-88,60017,'STANDARD',10),(17,42,-88,60018,'STANDARD',10),(18,42,-88,60019,'UNIQUE',10),(19,42,-88,60020,'STANDARD',11),(20,42,-88,60021,'STANDARD',12),(21,42,-88,60022,'STANDARD',13),(22,42,-88,60025,'STANDARD',14),(23,42,-88,60026,'STANDARD',15),(24,42,-88,60029,'PO BOX ONLY',16),(25,42,-88,60030,'STANDARD',17),(26,42,-88,60031,'STANDARD',18),(27,42,-88,60033,'STANDARD',19),(28,42,-88,60034,'STANDARD',20),(29,42,-88,60035,'STANDARD',21),(30,42,-88,60037,'STANDARD',22),(31,42,-88,60038,'UNIQUE',23),(32,42,-88,60039,'STANDARD',7),(33,42,-88,60040,'STANDARD',24),(34,42,-88,60041,'STANDARD',25),(35,42,-88,60042,'STANDARD',26),(36,42,-88,60043,'STANDARD',27),(37,42,-88,60044,'STANDARD',28),(38,42,-88,60045,'STANDARD',29),(39,42,-88,60046,'STANDARD',30),(40,42,-88,60047,'STANDARD',31),(41,42,-88,60048,'STANDARD',32),(42,42,-88,60049,'UNIQUE',33),(43,42,-88,60050,'STANDARD',34),(44,42,-88,60051,'STANDARD',34),(45,42,-88,60053,'STANDARD',35),(46,42,-88,60055,'UNIQUE',23),(47,42,-88,60056,'STANDARD',36),(48,42,-88,60060,'STANDARD',37),(49,42,-88,60061,'STANDARD',38),(50,42,-88,60062,'STANDARD',39),(51,42,-88,60064,'STANDARD',40),(52,42,-88,60065,'STANDARD',39),(53,42,-88,60067,'STANDARD',23),(54,42,-88,60068,'STANDARD',41),(55,42,-88,60069,'STANDARD',42),(56,42,-88,60070,'STANDARD',43),(57,42,-88,60071,'STANDARD',44),(58,42,-88,60072,'STANDARD',45),(59,42,-88,60073,'STANDARD',46),(60,42,-88,60074,'STANDARD',23),(61,42,-88,60075,'PO BOX ONLY',47),(62,42,-88,60076,'STANDARD',48),(63,42,-88,60077,'STANDARD',48),(64,42,-88,60078,'STANDARD',23),(65,42,-88,60079,'STANDARD',49),(66,42,-88,60080,'PO BOX ONLY',50),(67,42,-88,60081,'STANDARD',51),(68,42,-88,60082,'PO BOX ONLY',52),(69,42,-88,60083,'STANDARD',53),(70,42,-88,60084,'STANDARD',54),(71,42,-88,60085,'STANDARD',49),(72,42,-88,60086,'UNIQUE',40),(73,42,-88,60087,'STANDARD',49),(74,42,-88,60088,'STANDARD',55),(75,42,-88,60089,'STANDARD',56),(76,42,-88,60090,'STANDARD',57),(77,42,-88,60091,'STANDARD',58),(78,42,-88,60092,'STANDARD',32),(79,42,-88,60093,'STANDARD',59),(80,42,-88,60094,'STANDARD',23),(81,42,-88,60095,'STANDARD',23),(82,42,-88,60096,'STANDARD',60),(83,42,-88,60097,'STANDARD',61),(84,42,-88,60098,'STANDARD',62),(85,42,-88,60099,'STANDARD',63),(86,42,-88,60101,'STANDARD',64),(87,42,-88,60102,'STANDARD',65),(88,42,-88,60103,'STANDARD',66),(89,42,-88,60104,'STANDARD',67),(90,42,-88,60105,'UNIQUE',68),(91,42,-88,60106,'STANDARD',68),(92,42,-88,60107,'STANDARD',69),(93,42,-88,60108,'STANDARD',70),(94,42,-89,60109,'PO BOX ONLY',71),(95,42,-88,60110,'STANDARD',72),(96,42,-89,60111,'STANDARD',73),(97,42,-89,60112,'PO BOX ONLY',74),(98,42,-89,60113,'PO BOX ONLY',75),(99,42,-89,60115,'STANDARD',76),(100,42,-88,60116,'UNIQUE',77),(101,42,-88,60117,'UNIQUE',70),(102,42,-88,60118,'STANDARD',78),(103,42,-88,60119,'STANDARD',79),(104,42,-88,60120,'STANDARD',80),(105,42,-88,60121,'STANDARD',80),(106,42,-88,60122,'UNIQUE',80),(107,42,-88,60123,'STANDARD',80),(108,42,-88,60125,'UNIQUE',77),(109,42,-88,60126,'STANDARD',81),(110,42,-88,60128,'UNIQUE',77),(111,42,-89,60129,'STANDARD',82),(112,42,-88,60130,'STANDARD',83),(113,42,-88,60131,'STANDARD',84),(114,42,-88,60132,'UNIQUE',77),(115,0,0,60133,'STANDARD',85),(116,42,-88,60134,'STANDARD',86),(117,42,-89,60135,'STANDARD',87),(118,42,-88,60136,'STANDARD',88),(119,42,-88,60137,'STANDARD',89),(120,42,-88,60138,'STANDARD',89),(121,42,-88,60139,'STANDARD',90),(122,42,-88,60140,'STANDARD',91),(123,42,-88,60141,'PO BOX ONLY',92),(124,42,-88,60142,'STANDARD',93),(125,42,-88,60143,'STANDARD',94),(126,42,-88,60144,'PO BOX ONLY',95),(127,42,-89,60145,'STANDARD',96),(128,42,-89,60146,'STANDARD',97),(129,42,-88,60147,'PO BOX ONLY',98),(130,42,-88,60148,'STANDARD',99),(131,42,-89,60150,'STANDARD',100),(132,42,-89,60151,'STANDARD',101),(133,42,-89,60152,'STANDARD',102),(134,42,-88,60153,'STANDARD',103),(135,42,-88,60154,'STANDARD',104),(136,42,-88,60155,'STANDARD',105),(137,0,0,60156,'STANDARD',106),(138,42,-88,60157,'STANDARD',107),(139,42,-88,60159,'STANDARD',108),(140,42,-88,60160,'STANDARD',109),(141,42,-88,60161,'STANDARD',109),(142,42,-88,60162,'STANDARD',110),(143,42,-88,60163,'STANDARD',111),(144,42,-88,60164,'STANDARD',109),(145,42,-88,60165,'STANDARD',112),(146,42,-88,60168,'STANDARD',108),(147,42,-88,60170,'STANDARD',113),(148,42,-88,60171,'STANDARD',114),(149,42,-88,60172,'STANDARD',115),(150,42,-88,60173,'STANDARD',108),(151,42,-88,60174,'STANDARD',116),(152,42,-88,60175,'STANDARD',116),(153,42,-88,60176,'STANDARD',117),(154,42,-88,60177,'STANDARD',118),(155,42,-89,60178,'STANDARD',119),(156,42,-88,60179,'UNIQUE',120),(157,42,-89,60180,'STANDARD',121),(158,42,-88,60181,'STANDARD',122),(159,42,-89,60182,'STANDARD',123),(160,42,-88,60183,'PO BOX ONLY',124),(161,42,-88,60184,'STANDARD',125),(162,42,-88,60185,'STANDARD',126),(163,42,-88,60186,'STANDARD',126),(164,42,-88,60187,'STANDARD',127),(165,42,-88,60188,'STANDARD',77),(166,42,-88,60189,'STANDARD',127),(167,42,-88,60190,'STANDARD',128),(168,42,-88,60191,'STANDARD',129),(169,42,-88,60192,'STANDARD',108),(170,42,-88,60193,'STANDARD',108),(171,42,-88,60194,'STANDARD',108),(172,42,-88,60195,'STANDARD',108),(173,42,-88,60196,'UNIQUE',108),(174,42,-88,60197,'STANDARD',77),(175,42,-88,60199,'STANDARD',77),(176,42,-88,60201,'STANDARD',130),(177,42,-88,60202,'STANDARD',130),(178,42,-88,60203,'STANDARD',130),(179,42,-88,60204,'STANDARD',130),(180,42,-88,60208,'UNIQUE',130),(181,42,-88,60209,'UNIQUE',130),(182,42,-88,60301,'STANDARD',131),(183,42,-88,60302,'STANDARD',131),(184,42,-88,60303,'STANDARD',131),(185,42,-88,60304,'STANDARD',131),(186,42,-88,60305,'STANDARD',132),(187,0,0,60399,'UNIQUE',68),(188,41,-88,60401,'STANDARD',133),(189,42,-88,60402,'STANDARD',134),(190,42,-88,60406,'STANDARD',135),(191,41,-88,60407,'STANDARD',136),(192,41,-88,60408,'STANDARD',137),(193,42,-88,60409,'STANDARD',138),(194,41,-88,60410,'STANDARD',139),(195,42,-88,60411,'STANDARD',140),(196,42,-88,60412,'STANDARD',140),(197,42,-88,60415,'STANDARD',141),(198,41,-88,60416,'STANDARD',142),(199,41,-88,60417,'STANDARD',143),(200,42,-88,60419,'STANDARD',144),(201,41,-88,60420,'STANDARD',145),(202,41,-88,60421,'STANDARD',146),(203,42,-88,60422,'STANDARD',147),(204,41,-88,60423,'STANDARD',148),(205,41,-88,60424,'STANDARD',149),(206,42,-88,60425,'STANDARD',150),(207,42,-88,60426,'STANDARD',151),(208,42,-88,60429,'STANDARD',152),(209,42,-88,60430,'STANDARD',153),(210,41,-88,60431,'STANDARD',154),(211,42,-88,60432,'STANDARD',154),(212,41,-88,60433,'STANDARD',154),(213,42,-88,60434,'STANDARD',154),(214,41,-88,60435,'STANDARD',154),(215,41,-88,60436,'STANDARD',154),(216,41,-88,60437,'STANDARD',155),(217,42,-88,60438,'STANDARD',156),(218,42,-88,60439,'STANDARD',157),(219,42,-88,60440,'STANDARD',158),(220,42,-88,60441,'STANDARD',159),(221,41,-88,60442,'STANDARD',160),(222,42,-88,60443,'STANDARD',161),(223,41,-88,60444,'STANDARD',162),(224,42,-88,60445,'STANDARD',163),(225,42,-88,60446,'STANDARD',164),(226,41,-88,60447,'STANDARD',165),(227,41,-88,60448,'STANDARD',166),(228,41,-88,60449,'STANDARD',167),(229,41,-88,60450,'STANDARD',168),(230,42,-88,60451,'STANDARD',169),(231,42,-88,60452,'STANDARD',170),(232,42,-88,60453,'STANDARD',171),(233,42,-88,60454,'STANDARD',171),(234,42,-88,60455,'STANDARD',172),(235,42,-88,60456,'STANDARD',173),(236,42,-88,60457,'STANDARD',174),(237,42,-88,60458,'STANDARD',175),(238,42,-88,60459,'STANDARD',176),(239,41,-89,60460,'STANDARD',177),(240,42,-88,60461,'STANDARD',178),(241,42,-88,60462,'STANDARD',179),(242,42,-88,60463,'STANDARD',180),(243,42,-88,60464,'STANDARD',181),(244,42,-88,60465,'STANDARD',182),(245,42,-88,60466,'STANDARD',183),(246,42,-88,60467,'STANDARD',179),(247,41,-88,60468,'STANDARD',184),(248,42,-88,60469,'STANDARD',185),(249,41,-89,60470,'STANDARD',186),(250,42,-88,60471,'STANDARD',187),(251,42,-88,60472,'STANDARD',188),(252,42,-88,60473,'STANDARD',189),(253,41,-88,60474,'PO BOX ONLY',190),(254,42,-88,60475,'STANDARD',191),(255,42,-88,60476,'STANDARD',192),(256,42,-88,60477,'STANDARD',193),(257,42,-88,60478,'STANDARD',194),(258,41,-89,60479,'STANDARD',195),(259,42,-88,60480,'STANDARD',196),(260,41,-88,60481,'STANDARD',197),(261,42,-88,60482,'STANDARD',198),(262,42,-88,60490,'STANDARD',158),(263,42,-88,60499,'PO BOX ONLY',199),(264,42,-88,60501,'STANDARD',200),(265,42,-88,60504,'STANDARD',201),(266,42,-88,60505,'STANDARD',201),(267,42,-88,60506,'STANDARD',201),(268,42,-88,60507,'STANDARD',201),(269,42,-88,60510,'STANDARD',202),(270,42,-89,60511,'STANDARD',203),(271,42,-88,60512,'STANDARD',204),(272,42,-88,60513,'STANDARD',205),(273,42,-88,60514,'STANDARD',206),(274,42,-88,60515,'STANDARD',207),(275,42,-88,60516,'STANDARD',207),(276,42,-88,60517,'STANDARD',208),(277,42,-89,60518,'STANDARD',209),(278,42,-88,60519,'PO BOX ONLY',210),(279,42,-89,60520,'STANDARD',211),(280,42,-88,60521,'STANDARD',212),(281,42,-88,60522,'STANDARD',212),(282,42,-88,60523,'STANDARD',213),(283,42,-88,60525,'STANDARD',214),(284,42,-88,60526,'STANDARD',215),(285,42,-88,60527,'STANDARD',216),(286,42,-89,60530,'STANDARD',217),(287,41,-89,60531,'STANDARD',218),(288,42,-88,60532,'STANDARD',219),(289,42,-88,60534,'STANDARD',220),(290,42,-89,60536,'PO BOX ONLY',221),(291,42,-89,60537,'PO BOX ONLY',222),(292,42,-88,60538,'STANDARD',223),(293,42,-88,60539,'STANDARD',224),(294,42,-88,60540,'STANDARD',225),(295,42,-88,60541,'STANDARD',226),(296,42,-88,60542,'STANDARD',227),(297,42,-88,60543,'STANDARD',228),(298,42,-88,60544,'STANDARD',229),(299,42,-89,60545,'STANDARD',230),(300,42,-88,60546,'STANDARD',231),(301,42,-89,60548,'STANDARD',232),(302,41,-89,60549,'STANDARD',233),(303,42,-89,60550,'STANDARD',234),(304,42,-89,60551,'STANDARD',235),(305,42,-89,60552,'STANDARD',236),(306,42,-89,60553,'STANDARD',237),(307,42,-88,60554,'STANDARD',238),(308,42,-88,60555,'STANDARD',239),(309,42,-89,60556,'STANDARD',240),(310,41,-89,60557,'PO BOX ONLY',241),(311,42,-88,60558,'STANDARD',242),(312,42,-88,60559,'STANDARD',243),(313,42,-88,60560,'STANDARD',244),(314,42,-88,60561,'STANDARD',245),(315,42,-88,60563,'STANDARD',225),(316,42,-88,60564,'STANDARD',225),(317,42,-88,60565,'STANDARD',225),(318,42,-88,60566,'STANDARD',225),(319,42,-88,60567,'STANDARD',225),(320,42,-88,60568,'UNIQUE',201),(321,42,-88,60570,'UNIQUE',212),(322,42,-88,60572,'UNIQUE',201),(323,42,-88,60597,'UNIQUE',246),(324,42,-88,60598,'STANDARD',201),(325,42,-88,60599,'STANDARD',246),(326,42,-88,60601,'STANDARD',247),(327,42,-88,60602,'STANDARD',247),(328,42,-88,60603,'STANDARD',247),(329,42,-88,60604,'STANDARD',247),(330,42,-88,60605,'STANDARD',247),(331,42,-88,60606,'STANDARD',247),(332,42,-88,60607,'STANDARD',247),(333,42,-88,60608,'STANDARD',247),(334,42,-88,60609,'STANDARD',247),(335,42,-88,60610,'STANDARD',247),(336,42,-88,60611,'STANDARD',247),(337,42,-88,60612,'STANDARD',247),(338,42,-88,60613,'STANDARD',247),(339,42,-88,60614,'STANDARD',247),(340,42,-88,60615,'STANDARD',247),(341,42,-88,60616,'STANDARD',247),(342,42,-88,60617,'STANDARD',247),(343,42,-88,60618,'STANDARD',247),(344,42,-88,60619,'STANDARD',247),(345,42,-88,60620,'STANDARD',247),(346,42,-88,60621,'STANDARD',247),(347,42,-88,60622,'STANDARD',247),(348,42,-88,60623,'STANDARD',247),(349,42,-88,60624,'STANDARD',247),(350,42,-88,60625,'STANDARD',247),(351,42,-88,60626,'STANDARD',247),(352,42,-88,60628,'STANDARD',247),(353,42,-88,60629,'STANDARD',247),(354,42,-88,60630,'STANDARD',247),(355,42,-88,60631,'STANDARD',247),(356,42,-88,60632,'STANDARD',247),(357,42,-88,60633,'STANDARD',247),(358,42,-88,60634,'STANDARD',247),(359,42,-88,60636,'STANDARD',247),(360,42,-88,60637,'STANDARD',247),(361,42,-88,60638,'STANDARD',247),(362,42,-88,60639,'STANDARD',247),(363,42,-88,60640,'STANDARD',247),(364,42,-88,60641,'STANDARD',247),(365,42,-88,60643,'STANDARD',247),(366,42,-88,60644,'STANDARD',247),(367,42,-88,60645,'STANDARD',247),(368,42,-88,60646,'STANDARD',247),(369,42,-88,60647,'STANDARD',247),(370,42,-88,60649,'STANDARD',247),(371,42,-88,60651,'STANDARD',247),(372,42,-88,60652,'STANDARD',247),(373,42,-88,60653,'STANDARD',247),(374,42,-88,60654,'STANDARD',247),(375,42,-88,60655,'STANDARD',247),(376,42,-88,60656,'STANDARD',247),(377,42,-88,60657,'STANDARD',247),(378,42,-88,60659,'STANDARD',247),(379,42,-88,60660,'STANDARD',247),(380,42,-88,60661,'STANDARD',247),(381,42,-88,60663,'UNIQUE',247),(382,42,-88,60664,'STANDARD',247),(383,42,-88,60665,'UNIQUE',247),(384,42,-88,60666,'STANDARD',248),(385,42,-88,60667,'UNIQUE',247),(386,42,-88,60668,'UNIQUE',247),(387,42,-88,60669,'UNIQUE',247),(388,42,-88,60670,'UNIQUE',247),(389,42,-88,60671,'UNIQUE',247),(390,42,-88,60672,'UNIQUE',247),(391,42,-88,60673,'UNIQUE',247),(392,42,-88,60674,'UNIQUE',247),(393,42,-88,60675,'UNIQUE',247),(394,42,-88,60677,'UNIQUE',247),(395,42,-88,60678,'UNIQUE',247),(396,42,-88,60679,'UNIQUE',247),(397,42,-88,60680,'STANDARD',247),(398,42,-88,60681,'STANDARD',247),(399,42,-88,60683,'UNIQUE',247),(400,42,-88,60684,'UNIQUE',247),(401,42,-88,60685,'UNIQUE',247),(402,42,-88,60687,'UNIQUE',247),(403,0,0,60688,'UNIQUE',247),(404,42,-88,60690,'STANDARD',247),(405,42,-88,60691,'STANDARD',247),(406,42,-88,60693,'STANDARD',247),(407,42,-88,60694,'UNIQUE',247),(408,0,0,60696,'UNIQUE',247),(409,42,-88,60697,'UNIQUE',247),(410,42,-88,60699,'UNIQUE',247),(411,42,-88,60701,'STANDARD',247),(412,42,-88,60706,'STANDARD',249),(413,42,-88,60707,'STANDARD',250),(414,42,-88,60712,'STANDARD',251),(415,42,-88,60714,'STANDARD',252),(416,42,-88,60803,'STANDARD',253),(417,42,-88,60804,'STANDARD',254),(418,42,-88,60805,'STANDARD',255),(419,42,-88,60827,'STANDARD',256),(420,41,-88,60901,'STANDARD',257),(421,41,-88,60902,'UNIQUE',257),(422,41,-88,60910,'PO BOX ONLY',258),(423,41,-88,60911,'STANDARD',259),(424,41,-88,60912,'STANDARD',260),(425,41,-88,60913,'STANDARD',261),(426,41,-88,60914,'STANDARD',262),(427,41,-88,60915,'STANDARD',263),(428,41,-88,60917,'STANDARD',264),(429,41,-88,60918,'STANDARD',265),(430,41,-88,60919,'STANDARD',266),(431,41,-88,60920,'PO BOX ONLY',267),(432,41,-88,60921,'STANDARD',268),(433,41,-88,60922,'STANDARD',269),(434,41,-88,60924,'STANDARD',270),(435,41,-88,60926,'PO BOX ONLY',271),(436,41,-88,60927,'STANDARD',272),(437,41,-88,60928,'STANDARD',273),(438,41,-88,60929,'STANDARD',274),(439,41,-88,60930,'STANDARD',275),(440,41,-88,60931,'STANDARD',276),(441,40,-88,60932,'PO BOX ONLY',277),(442,40,-88,60933,'PO BOX ONLY',278),(443,41,-88,60934,'STANDARD',279),(444,41,-88,60935,'STANDARD',280),(445,41,-88,60936,'STANDARD',281),(446,41,-88,60938,'STANDARD',282),(447,41,-88,60939,'PO BOX ONLY',283),(448,41,-88,60940,'STANDARD',284),(449,41,-88,60941,'STANDARD',285),(450,40,-88,60942,'STANDARD',286),(451,41,-88,60944,'PO BOX ONLY',287),(452,41,-88,60945,'PO BOX ONLY',288),(453,41,-88,60946,'STANDARD',289),(454,41,-88,60948,'STANDARD',290),(455,40,-88,60949,'STANDARD',291),(456,41,-88,60950,'STANDARD',292),(457,41,-88,60951,'STANDARD',293),(458,41,-88,60952,'STANDARD',294),(459,41,-88,60953,'STANDARD',295),(460,41,-88,60954,'STANDARD',296),(461,41,-88,60955,'STANDARD',297),(462,41,-88,60956,'PO BOX ONLY',298),(463,41,-88,60957,'STANDARD',299),(464,41,-88,60959,'STANDARD',300),(465,40,-88,60960,'STANDARD',301),(466,41,-88,60961,'STANDARD',302),(467,41,-88,60962,'STANDARD',303),(468,40,-88,60963,'STANDARD',304),(469,41,-88,60964,'STANDARD',305),(470,41,-88,60966,'STANDARD',306),(471,41,-88,60967,'PO BOX ONLY',307),(472,41,-88,60968,'STANDARD',308),(473,41,-88,60969,'PO BOX ONLY',309),(474,41,-88,60970,'STANDARD',310),(475,41,-88,60973,'STANDARD',311),(476,41,-88,60974,'PO BOX ONLY',312),(477,42,-90,61001,'STANDARD',313),(478,42,-89,61006,'STANDARD',314),(479,42,-90,61007,'STANDARD',315),(480,42,-89,61008,'STANDARD',316),(481,42,-89,61010,'STANDARD',317),(482,42,-89,61011,'STANDARD',318),(483,42,-89,61012,'STANDARD',319),(484,42,-90,61013,'PO BOX ONLY',320),(485,42,-90,61014,'STANDARD',321),(486,42,-89,61015,'STANDARD',322),(487,42,-89,61016,'STANDARD',323),(488,42,-90,61018,'STANDARD',324),(489,42,-90,61019,'STANDARD',325),(490,42,-89,61020,'STANDARD',326),(491,42,-89,61021,'STANDARD',327),(492,42,-89,61024,'STANDARD',328),(493,42,-91,61025,'STANDARD',329),(494,42,-90,61027,'PO BOX ONLY',330),(495,42,-90,61028,'STANDARD',331),(496,42,-89,61030,'STANDARD',332),(497,42,-89,61031,'STANDARD',333),(498,42,-90,61032,'STANDARD',334),(499,42,-90,61036,'STANDARD',335),(500,42,-90,61037,'PO BOX ONLY',336),(501,42,-89,61038,'STANDARD',337),(502,42,-89,61039,'STANDARD',338),(503,42,-90,61041,'STANDARD',339),(504,42,-90,61042,'STANDARD',340),(505,42,-89,61043,'PO BOX ONLY',341),(506,42,-90,61044,'STANDARD',342),(507,42,-90,61046,'STANDARD',343),(508,42,-89,61047,'STANDARD',344),(509,42,-90,61048,'STANDARD',345),(510,42,-89,61049,'STANDARD',346),(511,42,-90,61050,'STANDARD',347),(512,42,-90,61051,'STANDARD',348),(513,42,-89,61052,'STANDARD',349),(514,42,-90,61053,'STANDARD',350),(515,42,-89,61054,'STANDARD',351),(516,42,-89,61057,'PO BOX ONLY',352),(517,42,-90,61058,'STANDARD',353),(518,42,-90,61059,'PO BOX ONLY',354),(519,42,-90,61060,'STANDARD',355),(520,42,-89,61061,'STANDARD',356),(521,42,-90,61062,'STANDARD',357),(522,42,-89,61063,'STANDARD',358),(523,42,-89,61064,'STANDARD',359),(524,42,-89,61065,'STANDARD',360),(525,42,-90,61067,'STANDARD',361),(526,42,-89,61068,'STANDARD',362),(527,42,-89,61070,'STANDARD',363),(528,42,-90,61071,'STANDARD',364),(529,42,-89,61072,'STANDARD',365),(530,42,-89,61073,'STANDARD',366),(531,42,-90,61074,'STANDARD',367),(532,42,-90,61075,'STANDARD',368),(533,42,-90,61076,'STANDARD',369),(534,42,-89,61077,'PO BOX ONLY',370),(535,42,-90,61078,'STANDARD',371),(536,42,-89,61079,'PO BOX ONLY',372),(537,42,-89,61080,'STANDARD',373),(538,42,-90,61081,'STANDARD',374),(539,42,-89,61084,'STANDARD',375),(540,42,-90,61085,'STANDARD',376),(541,42,-90,61087,'STANDARD',377),(542,42,-89,61088,'STANDARD',378),(543,42,-90,61089,'STANDARD',379),(544,42,-90,61091,'PO BOX ONLY',380),(545,42,-89,61101,'STANDARD',381),(546,42,-89,61102,'STANDARD',381),(547,42,-89,61103,'STANDARD',381),(548,42,-89,61104,'STANDARD',381),(549,42,-89,61105,'STANDARD',381),(550,42,-89,61106,'STANDARD',381),(551,42,-89,61107,'STANDARD',381),(552,42,-89,61108,'STANDARD',381),(553,42,-89,61109,'STANDARD',381),(554,42,-89,61110,'STANDARD',381),(555,42,-89,61111,'STANDARD',382),(556,42,-89,61112,'STANDARD',381),(557,42,-89,61114,'STANDARD',381),(558,42,-89,61115,'STANDARD',383),(559,42,-89,61125,'STANDARD',381),(560,42,-89,61126,'STANDARD',381),(561,42,-89,61130,'STANDARD',382),(562,42,-89,61131,'STANDARD',382),(563,42,-89,61132,'STANDARD',382),(564,41,-91,61201,'STANDARD',384),(565,42,-91,61204,'STANDARD',384),(566,42,-90,61230,'STANDARD',385),(567,41,-91,61231,'STANDARD',386),(568,41,-91,61232,'PO BOX ONLY',387),(569,41,-90,61233,'PO BOX ONLY',388),(570,41,-90,61234,'STANDARD',389),(571,41,-90,61235,'STANDARD',390),(572,42,-90,61236,'PO BOX ONLY',391),(573,41,-91,61237,'PO BOX ONLY',392),(574,41,-90,61238,'STANDARD',393),(575,41,-90,61239,'STANDARD',394),(576,41,-91,61240,'STANDARD',395),(577,41,-90,61241,'STANDARD',396),(578,42,-90,61242,'STANDARD',397),(579,42,-90,61243,'STANDARD',398),(580,42,-91,61244,'STANDARD',399),(581,42,-90,61250,'STANDARD',400),(582,42,-90,61251,'STANDARD',401),(583,42,-90,61252,'STANDARD',402),(584,41,-90,61254,'STANDARD',403),(585,42,-90,61256,'STANDARD',404),(586,42,-91,61257,'STANDARD',405),(587,42,-90,61258,'PO BOX ONLY',406),(588,41,-91,61259,'STANDARD',407),(589,41,-91,61260,'STANDARD',408),(590,42,-90,61261,'STANDARD',409),(591,41,-90,61262,'STANDARD',410),(592,41,-91,61263,'PO BOX ONLY',411),(593,41,-91,61264,'STANDARD',412),(594,42,-91,61265,'STANDARD',413),(595,42,-91,61266,'STANDARD',413),(596,42,-90,61270,'STANDARD',414),(597,41,-91,61272,'STANDARD',415),(598,41,-90,61273,'STANDARD',416),(599,41,-90,61274,'STANDARD',417),(600,42,-90,61275,'STANDARD',418),(601,41,-91,61276,'PO BOX ONLY',419),(602,42,-90,61277,'STANDARD',420),(603,42,-90,61278,'PO BOX ONLY',421),(604,41,-91,61279,'STANDARD',422),(605,41,-91,61281,'STANDARD',423),(606,42,-91,61282,'STANDARD',424),(607,42,-90,61283,'STANDARD',425),(608,41,-91,61284,'STANDARD',426),(609,42,-90,61285,'STANDARD',427),(610,42,-91,61299,'UNIQUE',384),(611,41,-89,61301,'STANDARD',428),(612,42,-89,61310,'STANDARD',429),(613,41,-89,61311,'STANDARD',430),(614,41,-89,61312,'STANDARD',431),(615,41,-89,61313,'STANDARD',432),(616,41,-90,61314,'STANDARD',433),(617,41,-89,61315,'PO BOX ONLY',434),(618,41,-89,61316,'PO BOX ONLY',435),(619,41,-89,61317,'PO BOX ONLY',436),(620,42,-89,61318,'STANDARD',437),(621,41,-89,61319,'STANDARD',438),(622,41,-89,61320,'STANDARD',439),(623,41,-89,61321,'STANDARD',440),(624,41,-89,61322,'PO BOX ONLY',441),(625,41,-89,61323,'PO BOX ONLY',442),(626,42,-89,61324,'PO BOX ONLY',443),(627,41,-89,61325,'STANDARD',444),(628,41,-89,61326,'STANDARD',445),(629,41,-89,61327,'STANDARD',446),(630,41,-90,61328,'PO BOX ONLY',447),(631,41,-89,61329,'STANDARD',448),(632,41,-89,61330,'STANDARD',449),(633,42,-89,61331,'PO BOX ONLY',450),(634,41,-89,61332,'PO BOX ONLY',451),(635,41,-89,61333,'STANDARD',452),(636,41,-89,61334,'STANDARD',453),(637,41,-89,61335,'STANDARD',454),(638,41,-89,61336,'STANDARD',455),(639,41,-89,61337,'STANDARD',456),(640,41,-90,61338,'PO BOX ONLY',457),(641,41,-89,61340,'PO BOX ONLY',458),(642,41,-89,61341,'STANDARD',459),(643,41,-89,61342,'STANDARD',460),(644,41,-90,61344,'STANDARD',461),(645,41,-90,61345,'STANDARD',462),(646,42,-90,61346,'PO BOX ONLY',463),(647,41,-89,61348,'STANDARD',464),(648,41,-90,61349,'STANDARD',465),(649,41,-89,61350,'STANDARD',466),(650,42,-89,61353,'STANDARD',467),(651,41,-89,61354,'STANDARD',468),(652,41,-89,61356,'STANDARD',469),(653,41,-89,61358,'STANDARD',470),(654,41,-89,61359,'PO BOX ONLY',471),(655,41,-89,61360,'STANDARD',472),(656,41,-90,61361,'STANDARD',473),(657,41,-90,61362,'STANDARD',474),(658,41,-89,61363,'PO BOX ONLY',475),(659,41,-89,61364,'STANDARD',476),(660,42,-89,61367,'STANDARD',477),(661,41,-90,61368,'STANDARD',478),(662,41,-89,61369,'STANDARD',479),(663,41,-89,61370,'STANDARD',480),(664,41,-89,61371,'PO BOX ONLY',481),(665,41,-89,61372,'PO BOX ONLY',482),(666,41,-89,61373,'STANDARD',483),(667,41,-90,61374,'PO BOX ONLY',484),(668,41,-89,61375,'STANDARD',485),(669,41,-89,61376,'STANDARD',486),(670,41,-89,61377,'STANDARD',487),(671,42,-89,61378,'STANDARD',488),(672,41,-89,61379,'STANDARD',489),(673,41,-90,61401,'STANDARD',490),(674,41,-90,61402,'STANDARD',490),(675,41,-90,61410,'STANDARD',491),(676,40,-91,61411,'STANDARD',492),(677,41,-91,61412,'STANDARD',493),(678,41,-90,61413,'STANDARD',494),(679,41,-90,61414,'STANDARD',495),(680,41,-90,61415,'STANDARD',496),(681,40,-91,61416,'PO BOX ONLY',497),(682,41,-91,61417,'STANDARD',498),(683,41,-91,61418,'STANDARD',499),(684,41,-90,61419,'PO BOX ONLY',500),(685,41,-91,61420,'STANDARD',501),(686,41,-90,61421,'STANDARD',502),(687,41,-91,61422,'STANDARD',503),(688,41,-91,61423,'STANDARD',504),(689,41,-90,61424,'PO BOX ONLY',505),(690,41,-91,61425,'STANDARD',506),(691,41,-90,61426,'PO BOX ONLY',507),(692,41,-90,61427,'STANDARD',508),(693,41,-90,61428,'STANDARD',509),(694,41,-90,61430,'STANDARD',510),(695,41,-90,61431,'STANDARD',511),(696,41,-90,61432,'STANDARD',512),(697,40,-90,61433,'PO BOX ONLY',513),(698,41,-90,61434,'STANDARD',514),(699,41,-91,61435,'STANDARD',515),(700,41,-90,61436,'STANDARD',516),(701,41,-91,61437,'STANDARD',517),(702,41,-91,61438,'STANDARD',518),(703,41,-90,61439,'PO BOX ONLY',519),(704,40,-91,61440,'STANDARD',520),(705,40,-90,61441,'STANDARD',521),(706,41,-91,61442,'STANDARD',522),(707,41,-90,61443,'STANDARD',523),(708,41,-91,61447,'STANDARD',524),(709,41,-90,61448,'STANDARD',525),(710,41,-90,61449,'STANDARD',526),(711,41,-91,61450,'STANDARD',527),(712,41,-90,61451,'STANDARD',528),(713,40,-91,61452,'STANDARD',529),(714,41,-91,61453,'STANDARD',530),(715,41,-91,61454,'STANDARD',531),(716,40,-91,61455,'STANDARD',532),(717,41,-90,61458,'STANDARD',533),(718,41,-90,61459,'STANDARD',534),(719,41,-91,61460,'STANDARD',535),(720,41,-91,61462,'STANDARD',536),(721,41,-91,61465,'STANDARD',537),(722,41,-90,61466,'STANDARD',538),(723,41,-90,61467,'STANDARD',539),(724,41,-90,61468,'STANDARD',540),(725,41,-91,61469,'STANDARD',541),(726,41,-91,61470,'STANDARD',542),(727,41,-91,61471,'PO BOX ONLY',543),(728,41,-90,61472,'STANDARD',544),(729,41,-91,61473,'STANDARD',545),(730,41,-90,61474,'STANDARD',546),(731,41,-91,61475,'STANDARD',547),(732,41,-91,61476,'STANDARD',548),(733,40,-90,61477,'STANDARD',549),(734,41,-91,61478,'STANDARD',550),(735,41,-90,61479,'STANDARD',551),(736,41,-91,61480,'STANDARD',552),(737,40,-90,61482,'STANDARD',553),(738,41,-90,61483,'STANDARD',554),(739,40,-90,61484,'STANDARD',555),(740,41,-90,61485,'STANDARD',556),(741,41,-91,61486,'STANDARD',557),(742,41,-90,61488,'STANDARD',558),(743,41,-90,61489,'STANDARD',559),(744,41,-90,61490,'STANDARD',560),(745,41,-90,61491,'STANDARD',561),(746,40,-90,61501,'STANDARD',562),(747,41,-89,61516,'STANDARD',563),(748,41,-90,61517,'STANDARD',564),(749,40,-90,61519,'PO BOX ONLY',565),(750,40,-90,61520,'STANDARD',566),(751,41,-90,61523,'STANDARD',567),(752,40,-90,61524,'PO BOX ONLY',568),(753,41,-90,61525,'STANDARD',569),(754,41,-90,61526,'STANDARD',570),(755,41,-90,61528,'STANDARD',571),(756,41,-90,61529,'STANDARD',572),(757,41,-89,61530,'STANDARD',573),(758,40,-90,61531,'STANDARD',574),(759,40,-90,61532,'STANDARD',575),(760,41,-90,61533,'STANDARD',576),(761,40,-90,61534,'STANDARD',577),(762,41,-90,61535,'STANDARD',578),(763,41,-90,61536,'STANDARD',579),(764,41,-89,61537,'STANDARD',580),(765,41,-90,61539,'PO BOX ONLY',581),(766,41,-89,61540,'STANDARD',582),(767,41,-89,61541,'PO BOX ONLY',583),(768,40,-90,61542,'STANDARD',584),(769,40,-90,61543,'PO BOX ONLY',585),(770,41,-90,61544,'STANDARD',586),(771,41,-89,61545,'STANDARD',587),(772,40,-90,61546,'STANDARD',588),(773,41,-90,61547,'STANDARD',589),(774,41,-89,61548,'STANDARD',590),(775,41,-89,61550,'STANDARD',591),(776,41,-90,61552,'PO BOX ONLY',592),(777,40,-90,61553,'PO BOX ONLY',593),(778,41,-90,61554,'STANDARD',594),(779,41,-90,61555,'STANDARD',594),(780,41,-90,61558,'UNIQUE',594),(781,41,-90,61559,'STANDARD',595),(782,41,-89,61560,'STANDARD',596),(783,41,-89,61561,'STANDARD',597),(784,41,-90,61562,'PO BOX ONLY',598),(785,40,-90,61563,'PO BOX ONLY',599),(786,40,-90,61564,'PO BOX ONLY',600),(787,41,-89,61565,'STANDARD',601),(788,40,-90,61567,'STANDARD',602),(789,40,-90,61568,'STANDARD',603),(790,41,-90,61569,'STANDARD',604),(791,41,-89,61570,'STANDARD',605),(792,41,-89,61571,'STANDARD',606),(793,41,-90,61572,'STANDARD',607),(794,41,-90,61601,'STANDARD',608),(795,41,-90,61602,'STANDARD',608),(796,41,-90,61603,'STANDARD',608),(797,41,-90,61604,'STANDARD',608),(798,41,-90,61605,'STANDARD',608),(799,41,-90,61606,'STANDARD',608),(800,41,-90,61607,'STANDARD',608),(801,41,-90,61610,'STANDARD',609),(802,41,-90,61611,'STANDARD',610),(803,41,-90,61612,'STANDARD',608),(804,41,-90,61613,'UNIQUE',608),(805,41,-90,61614,'STANDARD',608),(806,41,-90,61615,'STANDARD',608),(807,0,0,61616,'STANDARD',608),(808,41,-90,61625,'UNIQUE',608),(809,41,-90,61628,'UNIQUE',608),(810,41,-90,61629,'UNIQUE',608),(811,41,-90,61630,'UNIQUE',608),(812,41,-90,61632,'UNIQUE',608),(813,41,-90,61633,'UNIQUE',608),(814,41,-90,61634,'UNIQUE',608),(815,41,-90,61635,'UNIQUE',608),(816,41,-90,61636,'UNIQUE',608),(817,41,-90,61637,'UNIQUE',608),(818,41,-90,61638,'UNIQUE',608),(819,41,-90,61639,'UNIQUE',608),(820,41,-90,61640,'UNIQUE',608),(821,41,-90,61641,'UNIQUE',608),(822,41,-90,61643,'UNIQUE',608),(823,41,-90,61644,'UNIQUE',608),(824,41,-90,61650,'STANDARD',608),(825,41,-90,61651,'STANDARD',608),(826,41,-90,61652,'STANDARD',608),(827,41,-90,61653,'STANDARD',608),(828,41,-90,61654,'STANDARD',608),(829,41,-90,61655,'STANDARD',608),(830,41,-90,61656,'STANDARD',608),(831,40,-89,61701,'STANDARD',611),(832,41,-89,61702,'STANDARD',611),(833,40,-89,61704,'STANDARD',611),(834,40,-89,61709,'UNIQUE',611),(835,40,-89,61710,'UNIQUE',611),(836,41,-89,61720,'STANDARD',612),(837,40,-89,61721,'STANDARD',613),(838,40,-89,61722,'STANDARD',614),(839,40,-89,61723,'STANDARD',615),(840,40,-89,61724,'STANDARD',616),(841,41,-89,61725,'STANDARD',617),(842,41,-89,61726,'STANDARD',618),(843,40,-89,61727,'STANDARD',619),(844,41,-89,61728,'STANDARD',620),(845,41,-89,61729,'STANDARD',621),(846,41,-89,61730,'STANDARD',622),(847,41,-88,61731,'STANDARD',623),(848,40,-89,61732,'STANDARD',624),(849,41,-89,61733,'STANDARD',625),(850,40,-90,61734,'STANDARD',626),(851,40,-89,61735,'STANDARD',627),(852,40,-89,61736,'STANDARD',628),(853,40,-89,61737,'STANDARD',629),(854,41,-89,61738,'STANDARD',630),(855,41,-89,61739,'STANDARD',631),(856,41,-89,61740,'STANDARD',632),(857,41,-88,61741,'STANDARD',633),(858,41,-89,61742,'STANDARD',634),(859,41,-89,61743,'STANDARD',635),(860,41,-89,61744,'STANDARD',636),(861,40,-89,61745,'STANDARD',637),(862,41,-89,61747,'STANDARD',638),(863,41,-89,61748,'STANDARD',639),(864,40,-89,61749,'STANDARD',640),(865,40,-89,61750,'PO BOX ONLY',641),(866,40,-89,61751,'PO BOX ONLY',642),(867,40,-89,61752,'STANDARD',643),(868,40,-89,61753,'STANDARD',644),(869,40,-89,61754,'STANDARD',645),(870,41,-89,61755,'STANDARD',646),(871,40,-89,61756,'STANDARD',647),(872,41,-89,61758,'PO BOX ONLY',648),(873,40,-89,61759,'STANDARD',649),(874,41,-89,61760,'STANDARD',650),(875,41,-89,61761,'STANDARD',651),(876,41,-89,61764,'STANDARD',652),(877,41,-88,61769,'STANDARD',653),(878,40,-89,61770,'STANDARD',654),(879,41,-89,61771,'STANDARD',655),(880,41,-89,61772,'STANDARD',656),(881,41,-88,61773,'STANDARD',657),(882,40,-89,61774,'STANDARD',658),(883,41,-88,61775,'STANDARD',659),(884,41,-89,61776,'STANDARD',660),(885,40,-89,61777,'STANDARD',661),(886,40,-89,61778,'STANDARD',662),(887,41,-89,61790,'UNIQUE',651),(888,41,-89,61791,'UNIQUE',611),(889,40,-89,61799,'UNIQUE',611),(890,40,-88,61801,'STANDARD',663),(891,40,-88,61802,'STANDARD',663),(892,40,-88,61803,'STANDARD',663),(893,40,-88,61810,'STANDARD',664),(894,40,-88,61811,'STANDARD',665),(895,40,-88,61812,'STANDARD',666),(896,40,-89,61813,'STANDARD',667),(897,40,-88,61814,'STANDARD',668),(898,40,-88,61815,'PO BOX ONLY',669),(899,40,-88,61816,'STANDARD',670),(900,40,-88,61817,'STANDARD',671),(901,40,-89,61818,'STANDARD',672),(902,40,-88,61820,'STANDARD',673),(903,40,-88,61821,'STANDARD',673),(904,40,-88,61822,'STANDARD',673),(905,40,-88,61824,'STANDARD',673),(906,40,-88,61825,'STANDARD',673),(907,40,-88,61826,'STANDARD',673),(908,40,-89,61830,'STANDARD',674),(909,40,-88,61831,'STANDARD',675),(910,40,-88,61832,'STANDARD',676),(911,40,-88,61833,'STANDARD',677),(912,40,-88,61834,'STANDARD',676),(913,40,-89,61839,'STANDARD',678),(914,40,-88,61840,'STANDARD',679),(915,40,-88,61841,'STANDARD',680),(916,40,-89,61842,'STANDARD',681),(917,40,-88,61843,'STANDARD',682),(918,40,-88,61844,'STANDARD',683),(919,40,-88,61845,'STANDARD',684),(920,40,-88,61846,'STANDARD',685),(921,40,-88,61847,'STANDARD',686),(922,40,-88,61848,'PO BOX ONLY',687),(923,40,-88,61849,'STANDARD',688),(924,40,-88,61850,'STANDARD',689),(925,40,-88,61851,'STANDARD',690),(926,40,-88,61852,'STANDARD',691),(927,40,-88,61853,'STANDARD',692),(928,40,-89,61854,'STANDARD',693),(929,40,-89,61855,'STANDARD',694),(930,40,-89,61856,'STANDARD',695),(931,40,-88,61857,'PO BOX ONLY',696),(932,40,-88,61858,'STANDARD',697),(933,40,-88,61859,'STANDARD',698),(934,40,-88,61862,'STANDARD',699),(935,40,-88,61863,'STANDARD',700),(936,40,-88,61864,'STANDARD',701),(937,40,-88,61865,'STANDARD',702),(938,40,-88,61866,'STANDARD',703),(939,40,-88,61870,'STANDARD',704),(940,40,-88,61871,'PO BOX ONLY',705),(941,40,-88,61872,'STANDARD',706),(942,40,-88,61873,'STANDARD',707),(943,40,-88,61874,'STANDARD',708),(944,40,-88,61875,'STANDARD',709),(945,40,-88,61876,'STANDARD',710),(946,40,-88,61877,'STANDARD',711),(947,40,-88,61878,'STANDARD',712),(948,40,-88,61880,'STANDARD',713),(949,40,-89,61882,'STANDARD',714),(950,40,-88,61883,'STANDARD',715),(951,40,-89,61884,'STANDARD',716),(952,40,-88,61910,'STANDARD',717),(953,40,-88,61911,'STANDARD',718),(954,40,-88,61912,'STANDARD',719),(955,40,-88,61913,'STANDARD',720),(956,40,-89,61914,'STANDARD',721),(957,40,-88,61917,'STANDARD',722),(958,40,-88,61919,'STANDARD',723),(959,39,-88,61920,'STANDARD',724),(960,40,-88,61924,'STANDARD',725),(961,40,-89,61925,'STANDARD',726),(962,40,-89,61928,'STANDARD',727),(963,40,-89,61929,'STANDARD',728),(964,40,-88,61930,'STANDARD',729),(965,40,-88,61931,'STANDARD',730),(966,40,-88,61932,'STANDARD',731),(967,40,-88,61933,'STANDARD',732),(968,40,-89,61936,'PO BOX ONLY',733),(969,40,-89,61937,'STANDARD',734),(970,40,-88,61938,'STANDARD',735),(971,40,-88,61940,'STANDARD',736),(972,40,-88,61941,'PO BOX ONLY',737),(973,40,-88,61942,'STANDARD',738),(974,40,-88,61943,'STANDARD',739),(975,40,-88,61944,'STANDARD',740),(976,40,-88,61949,'PO BOX ONLY',741),(977,40,-89,61951,'STANDARD',742),(978,40,-88,61953,'STANDARD',743),(979,40,-88,61955,'PO BOX ONLY',744),(980,40,-88,61956,'STANDARD',745),(981,39,-89,61957,'STANDARD',746),(982,39,-90,62001,'STANDARD',747),(983,39,-90,62002,'STANDARD',748),(984,39,-91,62006,'STANDARD',749),(985,39,-90,62009,'STANDARD',750),(986,39,-90,62010,'STANDARD',751),(987,39,-89,62011,'STANDARD',752),(988,39,-90,62012,'STANDARD',753),(989,39,-91,62013,'STANDARD',754),(990,39,-90,62014,'STANDARD',755),(991,39,-90,62015,'STANDARD',756),(992,39,-90,62016,'STANDARD',757),(993,39,-89,62017,'STANDARD',758),(994,39,-90,62018,'STANDARD',759),(995,39,-89,62019,'STANDARD',760),(996,39,-90,62021,'STANDARD',761),(997,39,-90,62022,'STANDARD',762),(998,39,-90,62023,'PO BOX ONLY',763),(999,39,-90,62024,'STANDARD',764),(1000,39,-90,62025,'STANDARD',765),(1001,39,-90,62026,'UNIQUE',765),(1002,39,-91,62027,'STANDARD',766),(1003,39,-90,62028,'STANDARD',767),(1004,39,-90,62030,'PO BOX ONLY',768),(1005,39,-91,62031,'STANDARD',769),(1006,39,-89,62032,'STANDARD',770),(1007,39,-90,62033,'STANDARD',771),(1008,39,-90,62034,'STANDARD',772),(1009,39,-90,62035,'STANDARD',773),(1010,39,-91,62036,'STANDARD',774),(1011,39,-90,62037,'STANDARD',775),(1012,39,-90,62040,'STANDARD',776),(1013,39,-90,62044,'STANDARD',777),(1014,39,-91,62045,'STANDARD',778),(1015,39,-90,62046,'PO BOX ONLY',779),(1016,39,-91,62047,'STANDARD',780),(1017,39,-90,62048,'STANDARD',781),(1018,39,-89,62049,'STANDARD',782),(1019,39,-90,62050,'STANDARD',783),(1020,39,-89,62051,'STANDARD',784),(1021,39,-90,62052,'STANDARD',785),(1022,39,-91,62053,'STANDARD',786),(1023,39,-90,62054,'STANDARD',787),(1024,39,-90,62056,'STANDARD',788),(1025,39,-90,62058,'PO BOX ONLY',789),(1026,38,-90,62059,'PO BOX ONLY',790),(1027,39,-90,62060,'STANDARD',791),(1028,39,-90,62061,'STANDARD',792),(1029,39,-90,62062,'STANDARD',793),(1030,39,-90,62063,'STANDARD',794),(1031,39,-91,62065,'STANDARD',795),(1032,39,-90,62067,'STANDARD',796),(1033,39,-90,62069,'STANDARD',797),(1034,39,-91,62070,'STANDARD',798),(1035,39,-90,62071,'PO BOX ONLY',799),(1036,39,-90,62074,'STANDARD',800),(1037,39,-89,62075,'STANDARD',801),(1038,39,-89,62076,'PO BOX ONLY',802),(1039,39,-90,62077,'PO BOX ONLY',803),(1040,39,-90,62078,'PO BOX ONLY',804),(1041,39,-90,62079,'STANDARD',805),(1042,39,-89,62080,'STANDARD',806),(1043,39,-90,62081,'STANDARD',807),(1044,39,-90,62082,'STANDARD',808),(1045,39,-89,62083,'STANDARD',809),(1046,39,-90,62084,'STANDARD',810),(1047,39,-90,62085,'PO BOX ONLY',811),(1048,39,-90,62086,'STANDARD',812),(1049,39,-90,62087,'STANDARD',813),(1050,39,-90,62088,'STANDARD',814),(1051,39,-89,62089,'PO BOX ONLY',815),(1052,39,-90,62090,'STANDARD',816),(1053,39,-90,62091,'STANDARD',817),(1054,39,-90,62092,'STANDARD',818),(1055,39,-90,62093,'PO BOX ONLY',819),(1056,39,-89,62094,'STANDARD',820),(1057,39,-90,62095,'STANDARD',821),(1058,39,-90,62097,'STANDARD',822),(1059,39,-90,62098,'PO BOX ONLY',823),(1060,39,-90,62201,'STANDARD',824),(1061,39,-90,62202,'STANDARD',824),(1062,39,-90,62203,'STANDARD',824),(1063,39,-90,62204,'STANDARD',824),(1064,39,-90,62205,'STANDARD',824),(1065,39,-90,62206,'STANDARD',824),(1066,39,-90,62207,'STANDARD',824),(1067,39,-90,62208,'STANDARD',825),(1068,38,-90,62214,'STANDARD',826),(1069,39,-90,62215,'STANDARD',827),(1070,39,-90,62216,'PO BOX ONLY',828),(1071,38,-90,62217,'STANDARD',829),(1072,39,-89,62218,'STANDARD',830),(1073,39,-89,62219,'PO BOX ONLY',831),(1074,38,-90,62220,'STANDARD',832),(1075,39,-90,62221,'STANDARD',832),(1076,38,-90,62222,'STANDARD',832),(1077,39,-90,62223,'STANDARD',832),(1078,38,-90,62224,'UNIQUE',833),(1079,39,-90,62225,'STANDARD',834),(1080,39,-90,62226,'STANDARD',832),(1081,39,-90,62230,'STANDARD',835),(1082,39,-89,62231,'STANDARD',836),(1083,39,-90,62232,'STANDARD',837),(1084,38,-90,62233,'STANDARD',838),(1085,39,-90,62234,'STANDARD',839),(1086,38,-90,62236,'STANDARD',840),(1087,38,-90,62237,'STANDARD',841),(1088,38,-89,62238,'STANDARD',842),(1089,39,-90,62239,'STANDARD',843),(1090,39,-90,62240,'STANDARD',844),(1091,38,-90,62241,'STANDARD',845),(1092,38,-90,62242,'STANDARD',846),(1093,38,-90,62243,'STANDARD',847),(1094,38,-90,62244,'STANDARD',848),(1095,39,-90,62245,'STANDARD',849),(1096,39,-89,62246,'STANDARD',850),(1097,39,-89,62247,'PO BOX ONLY',851),(1098,38,-90,62248,'PO BOX ONLY',852),(1099,39,-90,62249,'STANDARD',853),(1100,39,-89,62250,'STANDARD',854),(1101,39,-89,62252,'PO BOX ONLY',855),(1102,39,-89,62253,'STANDARD',856),(1103,39,-90,62254,'STANDARD',857),(1104,38,-90,62255,'STANDARD',858),(1105,38,-90,62256,'PO BOX ONLY',859),(1106,38,-90,62257,'STANDARD',860),(1107,38,-90,62258,'STANDARD',833),(1108,38,-90,62259,'PO BOX ONLY',861),(1109,38,-90,62260,'STANDARD',862),(1110,38,-90,62261,'STANDARD',863),(1111,39,-89,62262,'STANDARD',864),(1112,38,-89,62263,'STANDARD',865),(1113,38,-90,62264,'STANDARD',866),(1114,39,-90,62265,'STANDARD',867),(1115,38,-90,62266,'PO BOX ONLY',868),(1116,38,-90,62268,'STANDARD',869),(1117,39,-90,62269,'STANDARD',870),(1118,38,-90,62271,'STANDARD',871),(1119,38,-90,62272,'STANDARD',872),(1120,39,-89,62273,'PO BOX ONLY',873),(1121,38,-89,62274,'STANDARD',874),(1122,39,-90,62275,'STANDARD',875),(1123,38,-90,62277,'STANDARD',876),(1124,38,-90,62278,'STANDARD',877),(1125,38,-90,62279,'PO BOX ONLY',878),(1126,38,-90,62280,'STANDARD',879),(1127,39,-90,62281,'STANDARD',880),(1128,38,-90,62282,'PO BOX ONLY',881),(1129,39,-89,62283,'STANDARD',882),(1130,39,-89,62284,'STANDARD',883),(1131,38,-90,62285,'STANDARD',884),(1132,38,-90,62286,'STANDARD',885),(1133,38,-90,62288,'STANDARD',886),(1134,39,-90,62289,'PO BOX ONLY',887),(1135,38,-90,62292,'PO BOX ONLY',888),(1136,39,-90,62293,'STANDARD',889),(1137,39,-90,62294,'STANDARD',890),(1138,38,-90,62295,'STANDARD',891),(1139,38,-90,62297,'STANDARD',892),(1140,38,-90,62298,'STANDARD',893),(1141,40,-91,62301,'STANDARD',894),(1142,40,-91,62305,'STANDARD',894),(1143,40,-91,62306,'STANDARD',894),(1144,40,-91,62310,'STANDARD',895),(1145,40,-91,62311,'STANDARD',896),(1146,40,-91,62312,'STANDARD',897),(1147,40,-91,62313,'STANDARD',898),(1148,40,-91,62314,'STANDARD',899),(1149,40,-91,62316,'STANDARD',900),(1150,40,-91,62318,'STANDARD',901),(1151,40,-91,62319,'STANDARD',902),(1152,40,-91,62320,'STANDARD',903),(1153,40,-91,62321,'STANDARD',904),(1154,40,-91,62323,'STANDARD',905),(1155,40,-91,62324,'STANDARD',906),(1156,40,-91,62325,'STANDARD',907),(1157,40,-91,62326,'STANDARD',908),(1158,41,-91,62329,'PO BOX ONLY',909),(1159,40,-91,62330,'STANDARD',910),(1160,40,-91,62334,'PO BOX ONLY',911),(1161,40,-91,62336,'PO BOX ONLY',912),(1162,40,-91,62338,'STANDARD',913),(1163,40,-91,62339,'STANDARD',914),(1164,40,-91,62340,'STANDARD',915),(1165,40,-91,62341,'STANDARD',916),(1166,40,-91,62343,'STANDARD',917),(1167,40,-91,62344,'STANDARD',918),(1168,40,-91,62345,'STANDARD',919),(1169,40,-91,62346,'STANDARD',920),(1170,40,-91,62347,'STANDARD',921),(1171,40,-91,62348,'PO BOX ONLY',922),(1172,40,-91,62349,'STANDARD',923),(1173,40,-91,62351,'STANDARD',924),(1174,40,-91,62352,'PO BOX ONLY',925),(1175,40,-91,62353,'STANDARD',926),(1176,40,-91,62354,'STANDARD',927),(1177,39,-91,62355,'STANDARD',928),(1178,40,-91,62356,'STANDARD',929),(1179,40,-91,62357,'STANDARD',930),(1180,40,-91,62358,'STANDARD',931),(1181,40,-91,62359,'STANDARD',932),(1182,40,-91,62360,'STANDARD',933),(1183,39,-91,62361,'STANDARD',934),(1184,40,-91,62362,'PO BOX ONLY',935),(1185,40,-91,62363,'STANDARD',936),(1186,40,-91,62365,'STANDARD',937),(1187,39,-91,62366,'STANDARD',938),(1188,40,-91,62367,'STANDARD',939),(1189,40,-91,62370,'STANDARD',940),(1190,40,-91,62373,'STANDARD',941),(1191,40,-91,62374,'STANDARD',942),(1192,40,-91,62375,'STANDARD',943),(1193,40,-91,62376,'STANDARD',944),(1194,40,-91,62378,'STANDARD',945),(1195,40,-91,62379,'STANDARD',946),(1196,40,-91,62380,'STANDARD',947),(1197,39,-89,62401,'STANDARD',948),(1198,39,-88,62410,'STANDARD',949),(1199,39,-89,62411,'STANDARD',950),(1200,39,-88,62413,'STANDARD',951),(1201,39,-89,62414,'STANDARD',952),(1202,39,-88,62415,'PO BOX ONLY',953),(1203,39,-88,62417,'STANDARD',954),(1204,39,-89,62418,'STANDARD',955),(1205,39,-88,62419,'STANDARD',956),(1206,39,-88,62420,'STANDARD',957),(1207,39,-88,62421,'STANDARD',958),(1208,39,-89,62422,'STANDARD',959),(1209,39,-88,62423,'STANDARD',960),(1210,39,-89,62424,'STANDARD',961),(1211,39,-88,62425,'STANDARD',962),(1212,39,-89,62426,'STANDARD',963),(1213,39,-88,62427,'STANDARD',964),(1214,39,-88,62428,'STANDARD',965),(1215,39,-89,62431,'STANDARD',966),(1216,39,-88,62432,'STANDARD',967),(1217,39,-88,62433,'STANDARD',968),(1218,39,-88,62434,'STANDARD',969),(1219,39,-88,62435,'PO BOX ONLY',970),(1220,39,-88,62436,'STANDARD',971),(1221,39,-89,62438,'STANDARD',972),(1222,39,-88,62439,'STANDARD',973),(1223,39,-88,62440,'STANDARD',974),(1224,39,-88,62441,'STANDARD',975),(1225,39,-88,62442,'STANDARD',976),(1226,39,-89,62443,'STANDARD',977),(1227,39,-89,62444,'STANDARD',978),(1228,39,-88,62445,'STANDARD',979),(1229,38,-88,62446,'STANDARD',980),(1230,39,-88,62447,'STANDARD',981),(1231,39,-88,62448,'STANDARD',982),(1232,39,-88,62449,'STANDARD',983),(1233,39,-88,62450,'STANDARD',984),(1234,39,-88,62451,'STANDARD',985),(1235,39,-88,62452,'STANDARD',986),(1236,39,-88,62454,'STANDARD',987),(1237,39,-89,62458,'STANDARD',988),(1238,39,-88,62459,'PO BOX ONLY',989),(1239,39,-88,62460,'STANDARD',990),(1240,39,-89,62461,'STANDARD',991),(1241,39,-89,62462,'STANDARD',992),(1242,39,-89,62463,'STANDARD',993),(1243,39,-88,62464,'PO BOX ONLY',994),(1244,39,-89,62465,'STANDARD',995),(1245,39,-88,62466,'STANDARD',996),(1246,39,-88,62467,'STANDARD',997),(1247,39,-88,62468,'STANDARD',998),(1248,39,-88,62469,'STANDARD',999),(1249,39,-89,62471,'STANDARD',1000),(1250,39,-89,62473,'STANDARD',1001),(1251,39,-88,62474,'STANDARD',1002),(1252,39,-88,62475,'STANDARD',1003),(1253,39,-88,62476,'STANDARD',1004),(1254,39,-88,62477,'STANDARD',1005),(1255,39,-88,62478,'STANDARD',1006),(1256,39,-88,62479,'STANDARD',1007),(1257,39,-88,62480,'STANDARD',1008),(1258,39,-88,62481,'STANDARD',1009),(1259,40,-89,62501,'STANDARD',1010),(1260,40,-89,62510,'STANDARD',1011),(1261,39,-90,62511,'STANDARD',1012),(1262,40,-89,62512,'STANDARD',1013),(1263,40,-89,62513,'STANDARD',1014),(1264,40,-89,62514,'PO BOX ONLY',1015),(1265,40,-89,62515,'STANDARD',1016),(1266,40,-89,62517,'STANDARD',1017),(1267,40,-89,62518,'STANDARD',1018),(1268,40,-89,62519,'PO BOX ONLY',1019),(1269,40,-89,62520,'STANDARD',1020),(1270,40,-89,62521,'STANDARD',1021),(1271,40,-89,62522,'STANDARD',1021),(1272,40,-89,62523,'STANDARD',1021),(1273,40,-89,62524,'STANDARD',1021),(1274,40,-89,62525,'STANDARD',1021),(1275,40,-89,62526,'STANDARD',1021),(1276,40,-89,62527,'UNIQUE',1021),(1277,40,-90,62530,'STANDARD',1022),(1278,40,-89,62531,'STANDARD',1023),(1279,40,-89,62532,'PO BOX ONLY',1024),(1280,39,-90,62533,'STANDARD',1025),(1281,40,-89,62534,'STANDARD',1026),(1282,40,-89,62535,'STANDARD',1027),(1283,40,-90,62536,'STANDARD',1028),(1284,40,-89,62537,'PO BOX ONLY',1029),(1285,39,-90,62538,'STANDARD',1030),(1286,40,-89,62539,'STANDARD',1031),(1287,40,-89,62540,'PO BOX ONLY',1032),(1288,40,-89,62541,'PO BOX ONLY',1033),(1289,40,-89,62543,'STANDARD',1034),(1290,40,-89,62544,'STANDARD',1035),(1291,40,-89,62545,'STANDARD',1036),(1292,39,-89,62546,'STANDARD',1037),(1293,40,-89,62547,'STANDARD',1038),(1294,40,-89,62548,'STANDARD',1039),(1295,40,-89,62549,'STANDARD',1040),(1296,40,-89,62550,'STANDARD',1041),(1297,40,-89,62551,'STANDARD',1042),(1298,40,-89,62552,'STANDARD',1043),(1299,39,-89,62553,'STANDARD',1044),(1300,40,-89,62554,'STANDARD',1045),(1301,39,-89,62555,'STANDARD',1046),(1302,39,-89,62556,'STANDARD',1047),(1303,40,-89,62557,'STANDARD',1048),(1304,40,-90,62558,'STANDARD',1049),(1305,39,-90,62560,'STANDARD',1050),(1306,40,-90,62561,'STANDARD',1051),(1307,40,-90,62563,'STANDARD',1052),(1308,39,-89,62565,'STANDARD',1053),(1309,40,-89,62567,'STANDARD',1054),(1310,40,-89,62568,'STANDARD',1055),(1311,40,-89,62570,'PO BOX ONLY',1056),(1312,39,-89,62571,'STANDARD',1057),(1313,39,-90,62572,'STANDARD',1058),(1314,40,-89,62573,'STANDARD',1059),(1315,40,-90,62601,'STANDARD',1060),(1316,40,-90,62610,'PO BOX ONLY',1061),(1317,40,-90,62611,'STANDARD',1062),(1318,40,-90,62612,'STANDARD',1063),(1319,40,-90,62613,'STANDARD',1064),(1320,40,-90,62615,'STANDARD',1065),(1321,40,-90,62617,'STANDARD',1066),(1322,40,-90,62618,'STANDARD',1067),(1323,40,-91,62621,'STANDARD',1068),(1324,40,-90,62622,'PO BOX ONLY',1069),(1325,40,-91,62624,'STANDARD',1070),(1326,40,-90,62625,'STANDARD',1071),(1327,39,-90,62626,'STANDARD',1072),(1328,40,-90,62627,'STANDARD',1073),(1329,40,-90,62628,'STANDARD',1074),(1330,40,-90,62629,'STANDARD',1075),(1331,39,-90,62630,'STANDARD',1076),(1332,40,-90,62631,'STANDARD',1077),(1333,40,-90,62633,'STANDARD',1078),(1334,40,-89,62634,'STANDARD',1079),(1335,40,-89,62635,'STANDARD',1080),(1336,40,-90,62638,'STANDARD',1081),(1337,40,-91,62639,'STANDARD',1082),(1338,39,-90,62640,'STANDARD',1083),(1339,40,-90,62642,'STANDARD',1084),(1340,40,-89,62643,'STANDARD',1085),(1341,40,-90,62644,'STANDARD',1086),(1342,39,-90,62649,'STANDARD',1087),(1343,40,-90,62650,'STANDARD',1088),(1344,40,-90,62651,'STANDARD',1088),(1345,40,-90,62655,'STANDARD',1089),(1346,40,-89,62656,'STANDARD',1090),(1347,40,-90,62659,'STANDARD',1091),(1348,40,-90,62660,'PO BOX ONLY',1092),(1349,40,-90,62661,'STANDARD',1093),(1350,40,-90,62662,'PO BOX ONLY',1094),(1351,40,-90,62663,'PO BOX ONLY',1095),(1352,40,-90,62664,'STANDARD',1096),(1353,40,-90,62665,'STANDARD',1097),(1354,40,-90,62666,'STANDARD',1098),(1355,39,-90,62667,'STANDARD',1099),(1356,40,-90,62668,'STANDARD',1100),(1357,40,-90,62670,'STANDARD',1101),(1358,40,-90,62671,'STANDARD',1102),(1359,39,-90,62672,'PO BOX ONLY',1103),(1360,40,-90,62673,'STANDARD',1104),(1361,39,-90,62674,'STANDARD',1105),(1362,40,-90,62675,'STANDARD',1106),(1363,40,-90,62677,'STANDARD',1107),(1364,40,-91,62681,'STANDARD',1108),(1365,40,-90,62682,'STANDARD',1109),(1366,39,-90,62683,'PO BOX ONLY',1110),(1367,40,-90,62684,'STANDARD',1111),(1368,39,-90,62685,'STANDARD',1112),(1369,39,-90,62686,'STANDARD',1113),(1370,40,-90,62688,'STANDARD',1114),(1371,40,-90,62689,'PO BOX ONLY',1115),(1372,39,-90,62690,'STANDARD',1116),(1373,40,-90,62691,'STANDARD',1117),(1374,40,-90,62692,'STANDARD',1118),(1375,40,-90,62693,'STANDARD',1119),(1376,40,-90,62694,'STANDARD',1120),(1377,40,-90,62695,'PO BOX ONLY',1121),(1378,40,-90,62701,'STANDARD',1122),(1379,40,-90,62702,'STANDARD',1122),(1380,40,-90,62703,'STANDARD',1122),(1381,40,-90,62704,'STANDARD',1122),(1382,40,-90,62705,'STANDARD',1122),(1383,40,-90,62706,'UNIQUE',1122),(1384,40,-90,62707,'STANDARD',1122),(1385,40,-90,62708,'STANDARD',1122),(1386,40,-90,62709,'UNIQUE',1122),(1387,40,-90,62713,'UNIQUE',1122),(1388,40,-90,62715,'UNIQUE',1122),(1389,40,-90,62716,'UNIQUE',1122),(1390,40,-90,62718,'STANDARD',1122),(1391,40,-90,62719,'UNIQUE',1122),(1392,40,-90,62720,'UNIQUE',1122),(1393,40,-90,62721,'UNIQUE',1122),(1394,40,-90,62722,'UNIQUE',1122),(1395,40,-90,62723,'UNIQUE',1122),(1396,40,-90,62726,'UNIQUE',1122),(1397,40,-90,62736,'UNIQUE',1122),(1398,40,-90,62739,'UNIQUE',1122),(1399,40,-90,62746,'UNIQUE',1122),(1400,40,-90,62756,'UNIQUE',1122),(1401,40,-90,62757,'UNIQUE',1122),(1402,40,-90,62761,'UNIQUE',1122),(1403,40,-90,62762,'UNIQUE',1122),(1404,40,-90,62763,'UNIQUE',1122),(1405,40,-90,62764,'UNIQUE',1122),(1406,40,-90,62765,'UNIQUE',1122),(1407,40,-90,62766,'UNIQUE',1122),(1408,40,-90,62767,'UNIQUE',1122),(1409,40,-90,62769,'UNIQUE',1122),(1410,40,-90,62776,'UNIQUE',1122),(1411,40,-90,62777,'UNIQUE',1122),(1412,40,-90,62781,'UNIQUE',1122),(1413,40,-90,62786,'UNIQUE',1122),(1414,40,-90,62791,'STANDARD',1122),(1415,40,-90,62794,'STANDARD',1122),(1416,40,-90,62796,'UNIQUE',1122),(1417,39,-89,62801,'STANDARD',1123),(1418,38,-89,62803,'STANDARD',1124),(1419,38,-89,62805,'PO BOX ONLY',1125),(1420,38,-88,62806,'STANDARD',1126),(1421,39,-89,62807,'STANDARD',1127),(1422,38,-89,62808,'STANDARD',1128),(1423,38,-88,62809,'STANDARD',1129),(1424,38,-89,62810,'STANDARD',1130),(1425,38,-88,62811,'PO BOX ONLY',1131),(1426,38,-89,62812,'STANDARD',1132),(1427,38,-89,62814,'STANDARD',1133),(1428,38,-88,62815,'STANDARD',1134),(1429,38,-89,62816,'STANDARD',1135),(1430,38,-88,62817,'STANDARD',1136),(1431,38,-88,62818,'STANDARD',1137),(1432,38,-89,62819,'STANDARD',1138),(1433,38,-88,62820,'STANDARD',1139),(1434,38,-88,62821,'STANDARD',1140),(1435,38,-89,62822,'STANDARD',1141),(1436,38,-88,62823,'STANDARD',1142),(1437,39,-88,62824,'STANDARD',1143),(1438,38,-89,62825,'PO BOX ONLY',1144),(1439,38,-88,62827,'STANDARD',1145),(1440,38,-89,62828,'STANDARD',1146),(1441,38,-89,62829,'PO BOX ONLY',1147),(1442,38,-89,62830,'STANDARD',1148),(1443,38,-89,62831,'STANDARD',1149),(1444,38,-89,62832,'STANDARD',1150),(1445,38,-88,62833,'STANDARD',1151),(1446,38,-88,62834,'PO BOX ONLY',1152),(1447,38,-88,62835,'STANDARD',1153),(1448,38,-89,62836,'STANDARD',1154),(1449,38,-88,62837,'STANDARD',1155),(1450,39,-89,62838,'STANDARD',1156),(1451,39,-88,62839,'STANDARD',1157),(1452,38,-89,62840,'PO BOX ONLY',1158),(1453,38,-89,62841,'PO BOX ONLY',1159),(1454,38,-88,62842,'STANDARD',1160),(1455,38,-88,62843,'STANDARD',1161),(1456,38,-88,62844,'STANDARD',1162),(1457,38,-88,62845,'PO BOX ONLY',1163),(1458,38,-89,62846,'STANDARD',1164),(1459,39,-88,62847,'PO BOX ONLY',1165),(1460,38,-89,62848,'PO BOX ONLY',1166),(1461,39,-89,62849,'STANDARD',1167),(1462,39,-89,62850,'STANDARD',1168),(1463,38,-88,62851,'STANDARD',1169),(1464,38,-88,62852,'PO BOX ONLY',1170),(1465,39,-89,62853,'STANDARD',1171),(1466,39,-89,62854,'STANDARD',1172),(1467,38,-88,62855,'PO BOX ONLY',1173),(1468,38,-89,62856,'PO BOX ONLY',1174),(1469,39,-89,62857,'PO BOX ONLY',1175),(1470,39,-89,62858,'STANDARD',1176),(1471,38,-89,62859,'STANDARD',1177),(1472,38,-89,62860,'STANDARD',1178),(1473,38,-88,62861,'PO BOX ONLY',1179),(1474,38,-88,62862,'STANDARD',1180),(1475,38,-88,62863,'STANDARD',1181),(1476,38,-89,62864,'STANDARD',1182),(1477,38,-89,62865,'STANDARD',1183),(1478,38,-89,62866,'PO BOX ONLY',1184),(1479,38,-88,62867,'STANDARD',1185),(1480,39,-88,62868,'STANDARD',1186),(1481,38,-88,62869,'STANDARD',1187),(1482,39,-89,62870,'STANDARD',1188),(1483,38,-88,62871,'STANDARD',1189),(1484,38,-89,62872,'STANDARD',1190),(1485,38,-89,62874,'PO BOX ONLY',1191),(1486,39,-89,62875,'STANDARD',1192),(1487,38,-89,62876,'PO BOX ONLY',1193),(1488,38,-89,62877,'STANDARD',1194),(1489,38,-88,62878,'STANDARD',1195),(1490,39,-88,62879,'PO BOX ONLY',1196),(1491,39,-89,62880,'STANDARD',1197),(1492,39,-89,62881,'STANDARD',1198),(1493,39,-89,62882,'STANDARD',1199),(1494,38,-89,62883,'STANDARD',1200),(1495,38,-89,62884,'STANDARD',1201),(1496,39,-89,62885,'STANDARD',1202),(1497,38,-89,62886,'STANDARD',1203),(1498,38,-88,62887,'STANDARD',1204),(1499,38,-89,62888,'STANDARD',1205),(1500,38,-89,62889,'STANDARD',1206),(1501,38,-89,62890,'STANDARD',1207),(1502,38,-89,62891,'PO BOX ONLY',1208),(1503,39,-89,62892,'STANDARD',1209),(1504,39,-89,62893,'STANDARD',1210),(1505,38,-89,62894,'STANDARD',1211),(1506,38,-89,62895,'STANDARD',1212),(1507,38,-89,62896,'STANDARD',1213),(1508,38,-89,62897,'STANDARD',1214),(1509,38,-89,62898,'STANDARD',1215),(1510,39,-89,62899,'STANDARD',1216),(1511,38,-89,62901,'STANDARD',1217),(1512,38,-89,62902,'STANDARD',1217),(1513,38,-89,62903,'STANDARD',1217),(1514,38,-89,62905,'STANDARD',1218),(1515,37,-89,62906,'STANDARD',1219),(1516,38,-89,62907,'STANDARD',1220),(1517,37,-89,62908,'STANDARD',1221),(1518,37,-89,62909,'PO BOX ONLY',1222),(1519,37,-89,62910,'STANDARD',1223),(1520,37,-89,62912,'STANDARD',1224),(1521,37,-89,62913,'STANDARD',1225),(1522,37,-89,62914,'STANDARD',1226),(1523,38,-89,62915,'PO BOX ONLY',1227),(1524,38,-90,62916,'STANDARD',1228),(1525,38,-89,62917,'STANDARD',1229),(1526,38,-89,62918,'STANDARD',1230),(1527,38,-88,62919,'STANDARD',1231),(1528,38,-89,62920,'STANDARD',1232),(1529,38,-89,62921,'PO BOX ONLY',1233),(1530,38,-89,62922,'STANDARD',1234),(1531,37,-89,62923,'STANDARD',1235),(1532,38,-89,62924,'STANDARD',1236),(1533,37,-89,62926,'STANDARD',1237),(1534,38,-89,62927,'PO BOX ONLY',1238),(1535,37,-89,62928,'STANDARD',1239),(1536,38,-88,62930,'STANDARD',1240),(1537,38,-88,62931,'STANDARD',1241),(1538,38,-89,62932,'STANDARD',1242),(1539,38,-89,62933,'STANDARD',1243),(1540,38,-88,62934,'STANDARD',1244),(1541,38,-89,62935,'STANDARD',1245),(1542,37,-88,62938,'STANDARD',1246),(1543,38,-89,62939,'STANDARD',1247),(1544,38,-89,62940,'STANDARD',1248),(1545,37,-89,62941,'STANDARD',1249),(1546,38,-89,62942,'STANDARD',1250),(1547,37,-89,62943,'STANDARD',1251),(1548,37,-89,62944,'PO BOX ONLY',1252),(1549,38,-89,62946,'STANDARD',1253),(1550,37,-89,62947,'STANDARD',1254),(1551,38,-89,62948,'STANDARD',1255),(1552,38,-89,62949,'PO BOX ONLY',1256),(1553,38,-90,62950,'STANDARD',1257),(1554,38,-89,62951,'STANDARD',1258),(1555,37,-89,62952,'STANDARD',1259),(1556,37,-89,62953,'PO BOX ONLY',1260),(1557,38,-88,62954,'STANDARD',1261),(1558,38,-88,62955,'PO BOX ONLY',1262),(1559,37,-89,62956,'STANDARD',1263),(1560,37,-89,62957,'STANDARD',1264),(1561,38,-89,62958,'STANDARD',1265),(1562,38,-89,62959,'STANDARD',1266),(1563,37,-89,62960,'STANDARD',1267),(1564,37,-89,62961,'PO BOX ONLY',1268),(1565,37,-89,62962,'STANDARD',1269),(1566,37,-89,62963,'STANDARD',1270),(1567,37,-89,62964,'STANDARD',1271),(1568,38,-89,62965,'PO BOX ONLY',1272),(1569,38,-89,62966,'STANDARD',1273),(1570,38,-89,62967,'STANDARD',1274),(1571,37,-89,62969,'STANDARD',1275),(1572,37,-89,62970,'STANDARD',1276),(1573,38,-89,62971,'PO BOX ONLY',1277),(1574,38,-89,62972,'STANDARD',1278),(1575,37,-89,62973,'PO BOX ONLY',1279),(1576,38,-89,62974,'STANDARD',1280),(1577,38,-89,62975,'STANDARD',1281),(1578,37,-89,62976,'STANDARD',1282),(1579,38,-89,62977,'STANDARD',1283),(1580,38,-88,62979,'STANDARD',1284),(1581,37,-88,62982,'STANDARD',1285),(1582,38,-89,62983,'STANDARD',1286),(1583,38,-88,62984,'STANDARD',1287),(1584,37,-89,62985,'STANDARD',1288),(1585,38,-89,62987,'STANDARD',1289),(1586,37,-89,62988,'STANDARD',1290),(1587,37,-89,62990,'STANDARD',1291),(1588,38,-89,62991,'STANDARD',1292),(1589,37,-89,62992,'STANDARD',1293),(1590,37,-89,62993,'STANDARD',1294),(1591,38,-89,62994,'STANDARD',1295),(1592,37,-89,62995,'STANDARD',1296),(1593,37,-89,62996,'STANDARD',1297),(1594,38,-90,62997,'PO BOX ONLY',1298),(1595,38,-89,62998,'STANDARD',1299),(1596,38,-89,62999,'STANDARD',1300);
/*!40000 ALTER TABLE `geo` ENABLE KEYS */;
UNLOCK TABLES;

--
-- Table structure for table `state`
--

DROP TABLE IF EXISTS `state`;
/*!40101 SET @saved_cs_client     = @@character_set_client */;
/*!40101 SET character_set_client = utf8 */;
CREATE TABLE `state` (
  `id` int(11) NOT NULL AUTO_INCREMENT,
  `name` varchar(2) DEFAULT NULL,
  PRIMARY KEY (`id`)
) ENGINE=InnoDB AUTO_INCREMENT=2 DEFAULT CHARSET=utf8;
/*!40101 SET character_set_client = @saved_cs_client */;

--
-- Dumping data for table `state`
--

LOCK TABLES `state` WRITE;
/*!40000 ALTER TABLE `state` DISABLE KEYS */;
INSERT INTO `state` VALUES (1,'IL');
/*!40000 ALTER TABLE `state` ENABLE KEYS */;
UNLOCK TABLES;

--
-- Final view structure for view `city_details`
--

/*!50001 DROP TABLE IF EXISTS `city_details`*/;
/*!50001 DROP VIEW IF EXISTS `city_details`*/;
/*!50001 SET @saved_cs_client          = @@character_set_client */;
/*!50001 SET @saved_cs_results         = @@character_set_results */;
/*!50001 SET @saved_col_connection     = @@collation_connection */;
/*!50001 SET character_set_client      = utf8 */;
/*!50001 SET character_set_results     = utf8 */;
/*!50001 SET collation_connection      = utf8_general_ci */;
/*!50001 CREATE ALGORITHM=UNDEFINED */
/*!50013 DEFINER=`root`@`localhost` SQL SECURITY DEFINER */
/*!50001 VIEW `city_details` AS select `geo`.`zipcode` AS `zipcode`,`city`.`name` AS `city_name`,`county`.`name` AS `county_name` from ((`geo` join `city` on((`geo`.`city_id` = `city`.`id`))) join `county` on((`city`.`county_id` = `county`.`id`))) */;
/*!50001 SET character_set_client      = @saved_cs_client */;
/*!50001 SET character_set_results     = @saved_cs_results */;
/*!50001 SET collation_connection      = @saved_col_connection */;

--
-- Final view structure for view `city_zipcode`
--

/*!50001 DROP TABLE IF EXISTS `city_zipcode`*/;
/*!50001 DROP VIEW IF EXISTS `city_zipcode`*/;
/*!50001 SET @saved_cs_client          = @@character_set_client */;
/*!50001 SET @saved_cs_results         = @@character_set_results */;
/*!50001 SET @saved_col_connection     = @@collation_connection */;
/*!50001 SET character_set_client      = utf8 */;
/*!50001 SET character_set_results     = utf8 */;
/*!50001 SET collation_connection      = utf8_general_ci */;
/*!50001 CREATE ALGORITHM=UNDEFINED */
/*!50013 DEFINER=`root`@`localhost` SQL SECURITY DEFINER */
/*!50001 VIEW `city_zipcode` AS select `city`.`id` AS `id`,`city`.`name` AS `name`,`geo`.`zipcode` AS `zipcode` from (`city` join `geo` on((`city`.`id` = `geo`.`city_id`))) */;
/*!50001 SET character_set_client      = @saved_cs_client */;
/*!50001 SET character_set_results     = @saved_cs_results */;
/*!50001 SET collation_connection      = @saved_col_connection */;

--
-- Final view structure for view `county_city`
--

/*!50001 DROP TABLE IF EXISTS `county_city`*/;
/*!50001 DROP VIEW IF EXISTS `county_city`*/;
/*!50001 SET @saved_cs_client          = @@character_set_client */;
/*!50001 SET @saved_cs_results         = @@character_set_results */;
/*!50001 SET @saved_col_connection     = @@collation_connection */;
/*!50001 SET character_set_client      = utf8 */;
/*!50001 SET character_set_results     = utf8 */;
/*!50001 SET collation_connection      = utf8_general_ci */;
/*!50001 CREATE ALGORITHM=UNDEFINED */
/*!50013 DEFINER=`root`@`localhost` SQL SECURITY DEFINER */
/*!50001 VIEW `county_city` AS select `county`.`id` AS `id`,`county`.`name` AS `name`,`city`.`name` AS `city_name` from (`county` join `city` on((`county`.`id` = `city`.`county_id`))) */;
/*!50001 SET character_set_client      = @saved_cs_client */;
/*!50001 SET character_set_results     = @saved_cs_results */;
/*!50001 SET collation_connection      = @saved_col_connection */;
/*!40103 SET TIME_ZONE=@OLD_TIME_ZONE */;

/*!40101 SET SQL_MODE=@OLD_SQL_MODE */;
/*!40014 SET FOREIGN_KEY_CHECKS=@OLD_FOREIGN_KEY_CHECKS */;
/*!40014 SET UNIQUE_CHECKS=@OLD_UNIQUE_CHECKS */;
/*!40101 SET CHARACTER_SET_CLIENT=@OLD_CHARACTER_SET_CLIENT */;
/*!40101 SET CHARACTER_SET_RESULTS=@OLD_CHARACTER_SET_RESULTS */;
/*!40101 SET COLLATION_CONNECTION=@OLD_COLLATION_CONNECTION */;
/*!40111 SET SQL_NOTES=@OLD_SQL_NOTES */;

-- Dump completed on 2017-04-30  8:20:43
